"id","model_slug","model_url","observed_at","effective_from","category","kind","materiality","confidence","title","summary","before","after","editorial_note","source_label","source_reference","reviewed_at"
"2026-09-25-omoda-5-hybrid-rabat-6600","omoda-5-hybrid","https://nowoczesneauta.pl/modele/omoda-5-hybrid/","2026-09-25","2026-09-01","promotion","changed","high","confirmed","Omoda 5 Hybrid: rabat rośnie do 6600 zł, Comfort za 112 900 zł","Cennik z 1 września 2026 dla aut wyprodukowanych w 2026 roku obniża obie wersje hybrydy o 6600 zł: Comfort kosztuje 112 900 zł, Premium 129 900 zł. Ceny katalogowe bez zmian (119 500 i 136 500 zł), a importer nie podał daty końca promocji.","Cennik z 1 czerwca 2026 dawał rabat 3000 zł tylko na auta z 2025 roku wydane do 30 czerwca 2026: Comfort 116 500 zł, Premium 133 500 zł. Po tej dacie ceny katalogowe wynosiły 119 500 i 136 500 zł.","Cennik z 1 września 2026 daje rabat 6600 zł każdemu kupującemu auto z 2026 roku: Comfort 112 900 zł, Premium 129 900 zł. Dodatkowe 4000 zł tylko za oddanie starego auta, ubezpieczenie za 1 zł do 30 września 2026.","Datę 30 września 2026 importer podaje tylko dla ubezpieczenia za 1 zł i przykładów finansowania — dla cen promocyjnych daty końca nie ma, dlatego jej nie podajemy.","Zestawienie oferty Omody 5 Hybrid, 25 września 2026","omoda-jaecoo/omoda-5-hybrid/oferta-2026-09-25.md","2026-09-25"
"2026-09-25-omoda-7-comfort-wyprzedany","omoda-7","https://nowoczesneauta.pl/modele/omoda-7/","2026-09-25","2026-09-01","versions","removed","high","confirmed","Omoda 7: Comfort wyprzedany, gama zaczyna się od Luxury za 167 900 zł","Cennik z 1 września 2026 oznacza wersję Comfort (169 900 zł) jako wyprzedaną. Najtańsza do zamówienia jest Luxury: 167 900 zł po rabacie 12 000 zł dla każdego kupującego, przy katalogu 179 900 zł. Premium kosztuje 184 900 zł bez rabatu.","3 wersje: Comfort 169 900 zł, Luxury 179 900 zł i Premium 184 900 zł — bez cen promocyjnych w cennikach z marca i czerwca 2026.","2 wersje do zamówienia: Luxury 167 900 zł po rabacie 12 000 zł (katalog 179 900 zł) i Premium 184 900 zł bez rabatu; Comfort wyprzedany.","Cenę modelu podajemy jako najniższą dostępną dla każdego kupującego — bez rabatów za finansowanie marki (5000 zł) i oddanie starego auta (4000 zł) ani wartości ubezpieczenia za 1 zł. Cennik nie podaje daty końca ceny promocyjnej.","Zestawienie oferty Omody 7 w Polsce, stan na 25 września 2026","omoda-jaecoo/omoda-7/oferta-2026-09-25.md","2026-09-25"
"2026-09-25-jaecoo-7-hybrid-promocja","jaecoo-7-hybrid","https://nowoczesneauta.pl/modele/jaecoo-7-hybrid/","2026-09-25","2026-09-01","promotion","added","medium","confirmed","Jaecoo 7 Hybrid: pierwszy znany rabat gotówkowy 5000 zł na obie wersje","Cennik z 1 września 2026 wprowadził rabat gotówkowy 5000 zł na obie wersje Jaecoo 7 Hybrid — Select spadł do 134 900 zł, Exclusive do 144 900 zł. Wcześniejszy cennik z kwietnia miał tylko ubezpieczenie za 1 zł, bez rabatu gotówkowego.","Cennik z 23 kwietnia 2026: Select 139 900 zł, Exclusive 149 900 zł, bez rabatu gotówkowego — jedyną promocją było ubezpieczenie OC/AC i GAP za 1 zł do 30 kwietnia 2026.","Cennik z 1 września 2026: rabat gotówkowy 5000 zł na obie wersje — Select 134 900 zł, Exclusive 144 900 zł, bez dodatkowych warunków.","Hasło „Zyskaj ponad 12 000 zł” dokłada do tych 5000 zł jeszcze 4000 zł za oddanie starego auta (Trade-in) i ubezpieczenie OC/AC oraz GAP za 1 zł — oba dokumenty importera liczą to tak samo, różnią się tylko wyceną samego ubezpieczenia (ok. 3500–3750 zł).","Zestawienie oferty Jaecoo 7 Hybrid, 25 września 2026","omoda-jaecoo/jaecoo-7-hybrid/oferta-2026-09-25.md","2026-09-25"
"2026-09-25-jaecoo-7-super-hybrid-promocja-exclusive","jaecoo-7-super-hybrid","https://nowoczesneauta.pl/modele/jaecoo-7-super-hybrid/","2026-09-25","2026-09-01","promotion","changed","medium","confirmed","Jaecoo 7 Super Hybrid: nowy rabat obejmuje tylko Exclusive","Wiosenny rabat 9000 zł obejmował tak samo obie wersje. Cennik z 1 września 2026 wprowadza inny mechanizm: Select kosztuje teraz katalogowo 159 900 zł bez osobnego rabatu, a Exclusive ma rabat gotówkowy 5000 zł — 164 900 zł zamiast 169 900 zł, z dodatkowym rabatem za oddanie starego auta do 160 900 zł.","Rabat gotówkowy 9000 zł obejmował tak samo obie wersje: Select 150 900 zł, Exclusive 160 900 zł (promocja ważna do 30 kwietnia 2026).","Select bez osobnego rabatu, 159 900 zł. Exclusive z rabatem gotówkowym 5000 zł, 164 900 zł, a z rabatem za oddanie starego auta — 160 900 zł.","Końcowa cena Exclusive z pełnym rabatem (160 900 zł) jest liczbowo taka sama jak wiosną, ale dziś wymaga oddania starego auta w rozliczeniu — wcześniej wystarczył sam zakup w oknie promocji.","Zestawienie oferty Jaecoo 7 Super Hybrid, 25 września 2026","omoda-jaecoo/jaecoo-7-super-hybrid/oferta-2026-09-25.md","2026-09-25"
"2026-09-25-omoda-4-pokaz-poznan","omoda-4","https://nowoczesneauta.pl/modele/omoda-4/","2026-09-25","2026-09-03","availability","changed","medium","confirmed","Omoda 4: pokaz w Polsce na Poznań Game Arena, sprzedaż wciąż bez daty","Nowe komunikaty polskiego newsroomu (3 i 21 września 2026) potwierdzają debiut w Barcelonie, premierę w Paryżu i przedpremierowy pokaz w Polsce na Poznań Game Arena (23–25 października 2026 wg organizatora) — przed rozpoczęciem sprzedaży. Data otwarcia sprzedaży w Polsce nadal nieznana.","Zapowiedź mówiła ogólnie o prezentacji Omody 4 w Polsce pod koniec 2026 roku, bez konkretnego miejsca ani daty.","Producent potwierdził przedpremierowy pokaz Omody 4 w Polsce na targach Poznań Game Arena pod koniec października 2026, wyraźnie przed rozpoczęciem sprzedaży; data otwarcia sprzedaży wciąż nie jest znana.","Dokładne dni pokazu (23–25 października) pochodzą od organizatora targów Poznań Game Arena, nie z komunikatu producenta — na stronie modelu oznaczone osobno od faktów potwierdzonych bezpośrednio przez producenta.","Zestawienie oferty i komunikatów Omoda 4, 25 września 2026","rynek-2026/omoda-4/oferta-2026-09-25.md","2026-09-25"
"2026-09-16-mg-hs-phev-euro-ncap-uzupelnienie","mg-hs-phev","https://nowoczesneauta.pl/modele/mg-hs-phev/","2026-09-16","2024-11-13","correction","changed","high","confirmed","MG HS PHEV ma 5 gwiazdek Euro NCAP — w danych brakowało tej oceny","Euro NCAP wymienia wariant PHEV wprost w tabeli ocenianych wersji rodziny HS: 5 gwiazdek, ocena z 13 listopada 2024 roku (90% dorośli, 85% dzieci, 83% piesi i rowerzyści, 74% systemy wspomagające). Karta modelu nie podawała dotąd żadnego wyniku.","Wynik Euro NCAP dla HS PHEV nie był u nas podany — strona modelu nie wspominała o bezpieczeństwie w ogóle.","5 gwiazdek Euro NCAP, ocena z 13 listopada 2024 roku (90/85/83/74%) — wynik opisany w osobnej sekcji strony, z zastrzeżeniem że zderzeniowo testowano lżejszy egzemplarz benzynowy.","Ocena dotyczy jednej platformy HS z dwoma wariantami napędu; tabela wariantów Euro NCAP wymienia PHEV z nazwy, więc przypisujemy mu wynik wprost, ale z zastrzeżeniem różnicy masy (1575 kg testowany egzemplarz benzynowy wobec 1850–1875 kg PHEV).","Zestawienie oferty i wyniku Euro NCAP MG HS PHEV, 16.09.2026","mg/mg-hs-phev/oferta-2026-09-16.md","2026-09-16"
"2026-09-16-mg-hs-promocja-wygasla-cena-katalogowa","mg-hs","https://nowoczesneauta.pl/modele/mg-hs/","2026-09-16","2026-07-01","price","expired","high","confirmed","MG HS: promocja 99 900 zł wygasła, obowiązuje cennik katalogowy od 117 900 zł","Rabat na benzynowego MG HS sięgał 18 000 zł na wejściu do gamy i 15 000 zł na najbogatszej kombinacji; obowiązywał od 1 kwietnia do 30 czerwca 2026 i nie został przedłużony. Nowszego cennika importer nie wydał, a strona modelu zwraca błąd 404 od 2 kwietnia 2026. Ceną odniesienia jest dziś katalog od 117 900 zł.","Cena modelu w rejestrze wynosiła 99 900 zł i pochodziła z promocji zamkniętej 30 czerwca 2026; karty wersji podawały wyłącznie kwoty promocyjne.","Cena modelu to 117 900 zł — katalog wersji Excite ze skrzynią manualną. Wszystkie 4 pozycje cennika zapisane katalogowo: 117 900, 126 900, 128 900 i 137 900 zł.","Promocji bez potwierdzonego przedłużenia nie prezentujemy jako bieżącej oferty. Sprawa jest o tyle nietypowa, że importer nie wydał dla tej odmiany cennika na trzeci kwartał 2026, a strona modelu nie działa od 2 kwietnia 2026 — mimo to nie ma datowanego komunikatu o wycofaniu, więc status rynkowy zostaje utrzymany z ostrzeżeniem, a strona modelu prosi o potwierdzenie dostępności i rocznika w salonie.","Zestawienie oferty MG HS w Polsce, stan na 16 września 2026","mg/mg-hs/oferta-2026-09-16.md","2026-09-16"
"2026-09-16-mg-zs-hybrid-euro-ncap-prawdopodobny","mg-zs-hybrid","https://nowoczesneauta.pl/modele/mg-zs-hybrid/","2026-09-16","2026-09-16","correction","added","high","uncertain","MG ZS Hybrid+: prawdopodobny wynik Euro NCAP — 4 gwiazdki, masa zgodna z wersją Excite","Euro NCAP przypisuje modelowi opisanemu jako „MG ZS Hybrid” 4 gwiazdki (4 grudnia 2024): 75% dorośli, 82% dzieci, 73% piesi i rowerzyści, 76% systemy wspomagające. Masa testowanego egzemplarza (1410 kg) zgadza się dokładnie z wersją Excite, ale tabela wariantów na stronie testu jest pusta.","Ocena Euro NCAP dla MG ZS Hybrid+ była nieznana (pole ncap puste) — strona nie mogła odpowiedzieć na pytanie o bezpieczeństwo tego wariantu napędu.","MG ZS Hybrid+ ma prawdopodobną ocenę 4 gwiazdek Euro NCAP z 4 grudnia 2024 roku — testowany egzemplarz (1410 kg) odpowiada dokładnie wersji Excite z polskiego cennika, choć tabela wariantów na stronie testu pozostaje pusta.","Tabela wariantów Euro NCAP jest pusta w statycznym HTML-u strony testu — przypisanie do tego modelu opiera się na tytule strony i dokładnej zgodności masy z wersją Excite, nie na dosłownym cytacie z tabeli. Benzynowy MG ZS nie ma własnej oceny.","Zestawienie oferty i danych Euro NCAP dla MG ZS Hybrid+, 16 września 2026","mg/mg-zs-hybrid/oferta-2026-09-16.md","2026-09-16"
"2026-09-16-mg3-hybrid-euro-ncap-dodany","mg3-hybrid","https://nowoczesneauta.pl/modele/mg3-hybrid/","2026-09-16","2026-09-16","correction","added","high","confirmed","MG3 Hybrid+: Euro NCAP 4 gwiazdki — testowany egzemplarz to dokładnie ten model","Euro NCAP ocenił MG3 Hybrid+ na 4 gwiazdki (10 września 2025): 74% ochrony dorosłych, 73% dzieci, 81% pieszych i rowerzystów, 69% systemów wspomagających. Testowany egzemplarz (1285 kg) odpowiada dokładnie wersji Standard z polskiego cennika.","Ocena Euro NCAP dla MG3 Hybrid+ była nieznana (pole ncap puste) — strona nie mogła odpowiedzieć na pytanie o bezpieczeństwo tego konkretnego wariantu napędu.","MG3 Hybrid+ ma potwierdzoną ocenę 4 gwiazdek Euro NCAP z 10 września 2025 roku, a testowany egzemplarz (masa własna 1285 kg) odpowiada dokładnie wersji Standard z polskiego cennika.","Najsłabszym punktem testu był mechanizm regulacji fotela kierowcy, który zawiódł w zderzeniu czołowym z częściowym pokryciem — producent poprawił go w produkcji i objął akcją serwisową wcześniej sprzedane egzemplarze. Ocena nie obejmuje wprost benzynowego MG3, mimo wspólnego nadwozia.","Zestawienie oferty i danych Euro NCAP dla MG3 Hybrid+, 16 września 2026","mg/mg3-hybrid/oferta-2026-09-16.md","2026-09-16"
"2026-09-16-mg3-euro-ncap-uzupelnienie","mg3","https://nowoczesneauta.pl/modele/mg3/","2026-09-16","2025-09-10","correction","changed","high","confirmed","MG3 ma 4 gwiazdki Euro NCAP — ocena obejmuje też wersję benzynową","Euro NCAP opublikował ocenę MG3 10 września 2025: 4 gwiazdki (74% dorośli, 73% dzieci, 81% piesi, 69% systemy wspomagające). Badano egzemplarz Hybrid+ o masie 1285 kg, ale tabela wariantów wymienia osobno wersję benzynową jako objętą tym samym wynikiem. Karta modelu nie podawała dotąd żadnej oceny.","Ocena Euro NCAP dla MG3 nie była u nas podana — pole ncap miało wartość pustą.","4 gwiazdki Euro NCAP, ocena z 10 września 2025 (74/73/81/69%), testowany egzemplarz Hybrid+ 1285 kg, wynik dotyczy wprost też wersji benzynowej — opisany w osobnej sekcji strony.","Testowany był egzemplarz hybrydowy, ale tabela wariantów producenta wymienia osobno wersję benzynową jako objętą tą samą oceną — masa własna egzemplarza testowego (1285 kg) zgadza się co do kilograma z masą zapisaną dla MG3 Hybrid+ w naszych danych, co potwierdza przypisanie. Testowany egzemplarz miał usterkę mechanizmu fotela kierowcy, poprawioną przez producenta i objętą akcją serwisową.","Zestawienie oferty i wyniku Euro NCAP MG3, 16 września 2026","mg/mg3/oferta-2026-09-16.md","2026-09-16"
"2026-09-16-mg-assistance-program-calej-gamy","mgs5-ev","https://nowoczesneauta.pl/modele/mgs5-ev/","2026-09-16","2025-12-22","warranty","added","medium","confirmed","MG Assistance: jeden program pomocy drogowej dla całej gamy MG","Producent opublikował 22 grudnia 2025 osobny dokument z warunkami pomocy drogowej dla wszystkich modeli MG: pierwszy rok w standardzie od rejestracji i bezpłatne przedłużenie do siedmiu lat pod warunkiem przeglądów w autoryzowanej sieci. Operatorem jest ARC Europe, zgłoszenia pod bezpłatnym numerem 600 222 129.","Zakres pomocy drogowej MG był opisany różnie na poszczególnych stronach modeli, bez wspólnego dokumentu, bez operatora i bez numeru zgłoszeniowego.","Wszystkie dwanaście stron modeli MG podaje ten sam warunek: dwanaście miesięcy w standardzie, bezpłatne przedłużenie do siedmiu lat przy przeglądach w sieci MG, operator ARC Europe, telefon 600 222 129.","Program obejmuje całą gamę, także modele spalinowe, dlatego opis jest jednakowy na dwunastu stronach MG. Warunkiem przedłużenia jest przegląd w autoryzowanym serwisie, a nie sam zakup auta.","Zestawienie oferty MGS5 EV z warunkami programu MG Assistance, 16.09.2026","mg/mgs5-ev/oferta-2026-09-16.md","2026-09-16"
"2026-09-16-mg-hs-hybrid-euro-ncap-luka-potwierdzona","mg-hs-hybrid","https://nowoczesneauta.pl/modele/mg-hs-hybrid/","2026-09-16","2024-11-13","correction","extended","medium","confirmed","MG HS Hybrid+: potwierdzona luka Euro NCAP — ocena HS jej nie obejmuje","Ocena Euro NCAP 5 gwiazdek dla MG HS z listopada 2024 wymienia w tabeli wariantów tylko wersję benzynową i plug-in. Hybrid+ nie występuje w tej tabeli, a testowany egzemplarz benzynowy (1575 kg) różni się masą od Hybrid+ (1660 kg) na tyle, że wyniku nie da się przenieść.","Pole ncap dla MG HS Hybrid+ było puste bez udokumentowanego uzasadnienia, a strona modelu nie tłumaczyła, czy ocena benzynowego HS obejmuje tę odmianę.","Ncap zostaje puste, ale teraz z potwierdzeniem: tabela wariantów oceny Euro NCAP dla HS (5 gwiazdek, 2024) wymienia wyłącznie wersję benzynową i plug-in, nie Hybrid+ — a różnica masy testowanego egzemplarza (1575 kg) wobec Hybrid+ (1660 kg) dodatkowo wyklucza przeniesienie wyniku.","Nie ekstrapolujemy oceny z tego samego nadwozia na inny wariant napędowy bez potwierdzenia w tabeli wariantów — różnica masy 85 kg jest zbyt duża, by traktować to jako ten sam typ homologacyjny.","Zestawienie oferty i luki Euro NCAP MG HS Hybrid+, 16.09.2026","mg/mg-hs-hybrid/oferta-2026-09-16.md","2026-09-16"
"2026-09-16-mg4-ev-ncap-dwie-oceny","mg4-ev","https://nowoczesneauta.pl/modele/mg4-ev/","2026-09-16","2026-09-16","correction","conflict","medium","conflict","MG4 EV: dwie oceny Euro NCAP pod jedną nazwą, w karcie modelu zostaje ta z 2022 roku","Euro NCAP ma pod nazwą MG4 dwie oceny po 5 gwiazdek: z grudnia 2022 (83/80/75/78%, egzemplarz 1685 kg) i z grudnia 2025 jako MG4 EV Urban (87/85/85/80%, egzemplarz 1520 kg). Urban to inna generacja z napędem na przednią oś, niesprzedawana w Polsce, więc do polskiej oferty przypisujemy ocenę starszą.","Karta modelu nie podawała żadnego wyniku Euro NCAP, a strona modelu odsyłała kupującego z tym pytaniem do salonu.","Karta modelu podaje 5 gwiazdek z oceny opublikowanej 7 grudnia 2022 roku wraz z 4 składowymi, a strona wprost nazywa nowszą ocenę jako dotyczącą modelu niedostępnego w Polsce.","Rozróżnienie napędu na tylną i przednią oś pochodzi z niezależnej prasy motoryzacyjnej — karta Euro NCAP podaje w obu wypadkach tylko oznaczenie 4×2. Dlatego przypisanie oznaczamy jako konflikt, a nie fakt potwierdzony przez organizację testującą.","Zestawienie oferty, bezpieczeństwa i rynku MG4 EV, 16.09.2026","mg/mg4-ev/oferta-2026-09-16.md","2026-09-16"
"2026-09-16-mgs6-ev-wynajem-arval","mgs6-ev","https://nowoczesneauta.pl/modele/mgs6-ev/","2026-09-16","2026-09-16","promotion","added","medium","confirmed","MGS6 EV: nowa oferta miesięcznego wynajmu od Arval","Obok gotówki, kredytu 50/50 i leasingu dla firm odnotowana 16 września 2026 subskrypcja od 1999 zł netto miesięcznie: umowa 48 miesięcy, limit 10 000 km rocznie, wpłata własna 10% ceny katalogowej, rata liczona od ceny katalogowej, dostawca Arval Service Lease Polska.","Finansowanie MGS6 EV: gotówka, kredyt 50/50 (BNP Paribas) i leasing dla firm (wg cennika od 101% ceny).","Finansowanie MGS6 EV: gotówka, kredyt 50/50, leasing dla firm i nowa miesięczna subskrypcja Arval od 1999 zł netto (48 mies., limit 10 000 km/rok, wpłata własna 10%).","Oferta jest kierowana wyłącznie do przedsiębiorców i nie zastępuje ceny katalogowej ani promocyjnej — rata liczona jest od ceny katalogowej, bo programy finansowe MG nie łączą się z rabatem 4000 zł; ważna do końca grudnia 2026.","Zestawienie oferty MGS6 EV, 16 września 2026","mg/mgs6-ev/oferta-2026-09-16.md","2026-09-16"
"2026-09-16-mgs9-phev-kredyt-termin-potwierdzony","mgs9-phev","https://nowoczesneauta.pl/modele/mgs9-phev/","2026-09-16","2026-09-16","promotion","conflict","medium","conflict","MGS9 PHEV: strona modelu potwierdza 30.09.2026 dla kredytu 50/50, konflikt z kampanią otwarty","Cennik i strona modelu potwierdzają 16 września 2026 jeden termin kredytu 50/50 — 30 września 2026. Data 31 października 2026, odnotowana 11 września przy stronie kampanii, nie pojawia się już w żadnym z dzisiejszych dokumentów, ale jej źródła nie udało się ustalić, więc konflikt zostaje otwarty.","Przegląd z 11 września 2026 odnotował rozbieżność terminu kredytu 50/50: cennik i strona modelu podawały 30.09.2026, a osobna strona kampanii importera — 31.10.2026, bez wyjaśnienia źródła tej drugiej daty.","Odczyt 16.09.2026 potwierdza, że strona modelu i cennik zgodnie wskazują wyłącznie 30.09.2026 — data 31.10.2026 nie występuje już nigdzie na sprawdzonej stronie, ale bez ponownego potwierdzenia strony kampanii konflikt formalnie zostaje otwarty.","Traktujemy 31.10.2026 jako niepotwierdzony ponownie relikt strony kampanii — nie podmieniamy nim daty z cennika i strony modelu, tylko pokazujemy obie na stronie z etykietą konfliktu.","Zestawienie oferty i konfliktu terminu finansowania MGS9 PHEV, 16 września 2026","mg/mgs9-phev/oferta-2026-09-16.md","2026-09-16"
"2026-09-15-byd-seal-u-gwarancja-baterii-200-vs-250","byd-seal-u","https://nowoczesneauta.pl/modele/byd-seal-u/","2026-09-15","2026-09-15","warranty","conflict","high","conflict","BYD Seal U: własna broszura modelu podaje 200 tys. km gwarancji baterii, ogłoszenie marki 250 tys.","Ikony gwarancyjne na broszurze-cenniku Seal U z lipca 2025 r. pokazują „lub 200 000 km” dla akumulatora. To wersja sprzed ogłoszenia BYD ze stycznia 2026 r. o wydłużeniu do 250 000 km, które trafiło do nowszych cenników gamy. Dla tego modelu nowszego dokumentu nie wydano, więc objęcie go wydłużeniem to założenie.","W rejestrze zapisano dla Seal U 8 lat / 250 tys. km z ogólnomarkową uwagą, że wiążący dokument podaje 200 tys. km — bez wskazania, że dokument tego konkretnego modelu jest starszy od samego ogłoszenia.","Udokumentowano, że jedyna broszura Seal U pochodzi sprzed ogłoszenia ze stycznia 2026 r. i drukuje 200 000 km, w odróżnieniu od cenników Seal U DM-i z fal ze stycznia i lipca 2026 r., które podają już 250 000 km.","Zapisany limit gwarancji baterii zostaje na 8 lat / 250 tys. km, spójnie z podejściem przyjętym dla pozostałych modeli marki. Strona modelu pokazuje obie liczby obok siebie na karcie baterii i w liście pytań do salonu, z prośbą o dokument gwarancyjny wystawiony na numer VIN.","Oferta, dane techniczne i Euro NCAP BYD Seal U (wersja elektryczna), 15.09.2026","byd/seal-u/oferta-2026-09-15.md","2026-09-15"
"2026-09-15-byd-tang-euro-ncap-uzupelnienie","byd-tang","https://nowoczesneauta.pl/modele/byd-tang/","2026-09-15","2023-12-06","correction","changed","high","confirmed","BYD Tang ma 5 gwiazdek Euro NCAP — w danych brakowało tej oceny","Euro NCAP opublikował ocenę Tanga 6 grudnia 2023: 5 gwiazdek, 87% za ochronę dorosłych, 87% za dzieci, 80% za niechronionych uczestników ruchu i 73% za systemy wspomagające. Badano egzemplarz Flagship o masie własnej 2630 kg, czyli wersję z polskiego cennika. Karta modelu nie podawała dotąd żadnego wyniku.","Ocena Euro NCAP dla Tanga nie była u nas podana — strona modelu nie wspominała o bezpieczeństwie ani razu.","5 gwiazdek Euro NCAP, ocena z 6 grudnia 2023 (87/87/80/73%), egzemplarz Flagship 2630 kg — wynik opisany w osobnej sekcji strony.","Ocena obejmuje jedną testowaną konfigurację z napędem na obie osie, identyczną z polską wersją sprzedażową co do masy własnej, więc przypisujemy ją modelowi bez zastrzeżenia rynkowego. Razem z nią uzupełniamy komplet danych z tabeli cennika, dotąd pustych — wymiary, masę, prędkość maksymalną, zużycie energii i pojemności bagażnika.","Zestawienie oferty, danych technicznych i wyniku Euro NCAP BYD Tang, 15.09.2026","byd/tang/oferta-2026-09-15.md","2026-09-15"
"2026-09-15-byd-assistance-program-potwierdzony","byd-sealion-7","https://nowoczesneauta.pl/modele/byd-sealion-7/","2026-09-15","2026-09-15","warranty","added","medium","confirmed","BYD Assistance potwierdzony dla całej gamy — 24 miesiące pomocy w całej Europie","Producent potwierdza program BYD Assistance: całodobowa pomoc w całej Europie przez 24 miesiące od dostawy, z holowaniem, naprawą na miejscu, autem zastępczym i noclegiem. Dla aut elektrycznych opisuje przedłużenie o kolejne 24 miesiące, dla hybryd plug-in krócej. Bezpłatna infolinia: 00800 10203000.","Strony modeli BYD nie mówiły nic o pomocy drogowej — zebrane wcześniej dokumenty producenta nie wspominały o żadnym programie.","Wszystkie 8 stron BYD z tej fali podaje BYD Assistance: 24 miesiące od dostawy, całą dobę w całej Europie, z bezpłatną infolinią 00800 10203000.","Zdarzenie jest zbiorcze dla gamy BYD — zapisujemy je raz, przy Sealionie 7, zamiast powielać ten sam fakt przy 8 modelach tej fali. Opis przedłużenia po stronie producenta jest niejednoznaczny (inaczej dla aut elektrycznych, inaczej dla hybryd plug-in), dlatego strony modeli proszą o potwierdzenie zakresu w salonie.","Zapis danych modelu BYD Sealion 7 z korektą o programie BYD Assistance, 15.09.2026","byd/sealion-7/dane.md","2026-09-15"
"2026-09-15-byd-seal-6-dm-i-towing-data-added","byd-seal-6-dm-i","https://nowoczesneauta.pl/modele/byd-seal-6-dm-i/","2026-09-15","","equipment","added","medium","confirmed","BYD Seal 6 DM-i: cennik ujawnia dane o holowaniu i dachu","Cennik z 11.08.2026 podaje dla sedana maksymalną masę przyczepy 750 kg, obciążenie haka 75 kg i obciążenie dachu 75 kg — te same wartości co w wariancie Touring, wcześniej nieobecne w naszych danych dla sedana.","Brak danych o maksymalnej masie przyczepy, nacisku na hak i obciążeniu dachu dla wariantu sedan.","750 kg przyczepy (polski cennik podaje jedną wspólną wartość dla przyczepy hamowanej i niehamowanej), 75 kg nacisku na hak, 75 kg obciążenia dachu — identycznie w Boost i Comfort.","Polski cennik podaje jedną wspólną liczbę zamiast osobnych wartości dla przyczepy hamowanej i niehamowanej — nie można wykluczyć uproszczenia układu tabeli po stronie producenta, więc wartość warto potwierdzić w salonie.","Cennik BYD Seal 6 DM-i, rocznik 2026 (dokument z 11.08.2026)","byd/seal-6-dm-i/cennik-2026-09-my2026.pdf","2026-09-15"
"2026-09-15-byd-seal-6-dm-i-touring-ncap-nadwozie-konflikt","byd-seal-6-dm-i-touring","https://nowoczesneauta.pl/modele/byd-seal-6-dm-i-touring/","2026-09-15","2026-09-15","correction","conflict","medium","conflict","Ocena Euro NCAP Seal 6 nie ma osobnego wpisu dla nadwozia Touring","Bezpośrednie sprawdzenie u Euro NCAP potwierdziło, że lista wariantów oceny „BYD SEAL 6” jest pusta, a jedyny konkretny opis nadwozia w dokumentacji ratunkowej wskazuje na sedan, nie na Touring.","Strona przypisywała Touringowi ocenę 5 gwiazdek bez zastrzeżenia, że Euro NCAP nie potwierdza wprost objęcia nadwozia kombi tą oceną.","Ocena 5 gwiazdek zostaje, ale strona modelu jasno mówi, że oceniano sedan, a Euro NCAP nie publikuje osobnej listy wariantów dla Touringa.","Nie zmieniamy liczby gwiazdek — to wciąż jedyna dostępna ocena dla tej platformy. Zmieniamy tylko sposób jej prezentacji, żeby nie sugerować bezpośredniego testu kombi.","Sprawdzenie Euro NCAP dla BYD Seal 6 DM-i Touring, 15.09.2026","byd/seal-6-dm-i-touring/oferta-2026-09-15.md","2026-09-15"
"2026-09-14-voyah-courage-gwarancja-pl-konflikt","voyah-courage","https://nowoczesneauta.pl/modele/voyah-courage/","2026-09-14","2026-09-14","warranty","conflict","high","conflict","Voyah Courage: gwarancji dla Polski nie ma, limity znane tylko z rynków NO i NL","Importer nie publikuje warunków gwarancji ani serwisu Courage (voyah.pl/gwarancja i /serwis zwracają 404). Rynki NO i NL podają 5 lat/150 000 km na pojazd i 8 lat/200 000 km na baterię, próg 75% pojemności tylko Norwegia. Polska prasa nie podaje dla Courage żadnych okresów.","Polskie warunki gwarancji i serwisu Courage nieustalone; w rejestrze brak wpisu o źródłach zagranicznych i o norweskim interwale przeglądu.","Warunki nadal nieopublikowane przez importera; udokumentowano limity NO i NL, przeciwstawne podejście obu rynków do utraty pojemności baterii oraz interwał przeglądu 1 rok albo 20 000 km znany wyłącznie z Norwegii.","Okresy z polskiej prasy dotyczą Free i Dream, nie Courage — nie przenosimy ich na ten model. Pola warr_* w bazie pozostają puste do czasu dokumentu importera.","Skrót oferty, gwarancji i serwisu Voyah Courage, 14.09.2026","niszowe/voyah/courage/oferta-2026-09-14.md","2026-09-14"
"2026-09-14-voyah-dream-gwarancja-przeglady-konflikt","voyah-dream","https://nowoczesneauta.pl/modele/voyah-dream/","2026-09-14","2026-09-14","warranty","conflict","high","conflict","Voyah Dream: gwarancja w 3 wersjach, żadnej z polskiego dokumentu","Importer nie publikuje warunków gwarancji Dream (voyah.pl/gwarancja zwraca 404). Prasa PL podaje 3 lata lub 100 000 km na pojazd i 8 lat lub 160 000 km na baterię; NO i NL — 5 lat lub 150 000 km oraz 8 lat lub 200 000 km. Próg pojemności 75% ma tylko NO, a instrukcja NL wyklucza stopniową utratę.","W rejestrze brak wpisu o warunkach gwarancji Dream; polskiego dokumentu nie ustalono.","Udokumentowano 3 rozbieżne komplety warunków (prasa PL, Norwegia, Holandia) oraz norweski interwał przeglądu 1 rok lub 20 000 km; polski importer nadal nie publikuje żadnego dokumentu.","Pola warr_* w bazie pozostają puste do czasu polskiego dokumentu importera. Strona modelu pokazuje wszystkie 3 komplety obok siebie z etykietą rynku, żadnego nie przypisując polskiej umowie.","Oferta, gwarancja i dane rynkowe Voyah Dream, 14.09.2026","niszowe/voyah/dream/oferta-2026-09-14.md","2026-09-14"
"2026-09-14-voyah-free-gwarancja-pl-konflikt","voyah-free","https://nowoczesneauta.pl/modele/voyah-free/","2026-09-14","2026-09-14","warranty","conflict","high","conflict","Voyah Free: polskie warunki gwarancji nieopublikowane, źródła podają 2 różne limity","Importer nie publikuje warunków gwarancji (voyah.pl/gwarancja zwraca 404). Prasa i Samar podają 5 lat/100 000 km na pojazd i 8 lat/160 000 km na baterię; importerzy NO i NL 5 lat/150 000 km i 8 lat/200 000 km, z progiem pojemności 75% tylko w NO.","Polskie warunki gwarancji nieustalone; w rejestrze brak wpisu o rozbieżności źródeł.","Warunki nadal nieopublikowane przez importera; udokumentowano 2 rozbieżne komplety limitów (prasa vs NO/NL) do potwierdzenia na piśmie w salonie.","Nie przypisujemy polskiej umowie warunków zagranicznych; pola warr_* w bazie pozostają puste do czasu dokumentu importera.","Skrót oferty i gwarancji Voyah Free, 14.09.2026","niszowe/voyah/free/oferta-2026-09-14.md","2026-09-14"
"2026-09-13-dongfeng-shine-warranty-scope","dongfeng-shine","https://nowoczesneauta.pl/modele/dongfeng-shine/","2026-09-13","","warranty","changed","high","marketing","Dongfeng Shine: importer opisuje zakres gwarancji 7 i 10 lat","Aktualny komunikat mówi o 10 latach bez limitu km na wybrane podzespoły napędu oraz 7 latach / 300 000 km na wybrane elementy pojazdu.","W rejestrze: 5 lat z możliwością rozszerzenia do 7 lat.","Komunikat importera: 7 lat / 300 000 km na wybrane elementy oraz 10 lat bez limitu km na wybrane podzespoły napędu.","Data oznacza odczyt źródła, nie początek obowiązywania warunków. To komunikat marketingowy z zastrzeżeniem zakresu; pełna książka gwarancyjna nie została zweryfikowana. Nie przenosimy warunków na wcześniej sprzedane egzemplarze.","Polska strona Dongfeng Shine — komunikat zakresu gwarancji","rynek-2026/dongfeng-shine/dane.md","2026-09-13"
"2026-09-13-dongfeng-shine-e3-details","dongfeng-shine","https://nowoczesneauta.pl/modele/dongfeng-shine/","2026-09-13","","versions","changed","high","confirmed","Dongfeng Shine: uzupełniamy parametry wersji E3","Polska karta przypisuje E3 190 KM, 300 Nm, 10,6 s do 100 km/h i deklarowane 6,1 l/100 km. Cena 94 900 zł pozostaje potwierdzona.","E3 z ceną 94 900 zł, bez parametrów przypisanych do wersji w rejestrze.","E3: 190 KM, 300 Nm, 0–100 km/h w 10,6 s; zużycie 6,1 l/100 km bez określonego cyklu; cena 94 900 zł.","Uzupełnienie dokumentacji istniejącej wersji, nie ogłoszenie premiery ani zmiany napędu w konkretnym dniu. Usunięto błędne zdania o nieznanej cenie i wyposażeniu E3. Parametry E2 nie są przypisywane E3.","Polska strona Dongfeng Shine — parametry i wyposażenie E2/E3","rynek-2026/dongfeng-shine/dane.md","2026-09-13"
"2026-09-13-byd-eth8-masy-wymiary-konflikt","byd-eth8","https://nowoczesneauta.pl/modele/byd-eth8/","2026-09-13","","correction","conflict","high","conflict","ETH8: rozbieżne masy i wymiary podwozia w źródłach","Armatus i broszura BYD podają inne długości, szerokość oraz masę długiej ramy. Nośność krótkiej ramy 11 200 kg z polskiej karty nie wynika z różnicy DMC 19 000 kg i masy 8050 kg.","Armatus: 8160/10 500 mm; masa 8050/8100 kg; nośność ramy 11 200/10 900 kg.","Broszura BYD: 7930/10 270 mm; masa 8050/8250 kg; payload 10 950/10 750 kg.","To rozbieżność dokumentów zaobserwowana w przeglądzie, nie potwierdzona zmiana modelu we wrześniu. Powodu różnic nie ustalono. Na stronie rozdzielamy źródła; ładowność po zabudowie wymaga dokumentów konkretnej konfiguracji.","BYD Trucks ETH8 · broszura 08/2024, strona 1; porównanie z kartą Armatus","rynek-2026/byd-eth8/broszura-en.pdf","2026-09-13"
"2026-09-13-byd-etm6-specyfikacja-konflikt","byd-etm6","https://nowoczesneauta.pl/modele/byd-etm6/","2026-09-13","","correction","conflict","high","conflict","ETM6: karta Armatus i broszura BYD podają różne parametry","Polska karta różni się od broszury BYD długością podwozi o 10 mm, masą o 100 kg i mocą DC 120 zamiast 115 kW. Dane dotyczą 2 rozstawów osi, przed zabudową.","Armatus: 5950/7645 mm, 3680/3750 kg, 3810/3740 kg zapasu do DMC, DC 120 kW.","Broszura BYD: 5940/7635 mm, 3780/3850 kg, payload 3710/3640 kg, DC 115 kW.","Przegląd dokumentuje konflikt źródeł, nie zmianę modelu we wrześniu. Przyczyna rozbieżności jest niepotwierdzona. Do projektu zabudowy i stacji potrzebna jest specyfikacja zamawianego podwozia.","BYD ETM6 · broszura 08/2024, strona 1; porównanie z Armatus","rynek-2026/byd-etm6/broszura-en.pdf","2026-09-13"
"2026-09-13-byd-seal-roczniki-i-oferty","byd-seal","https://nowoczesneauta.pl/modele/byd-seal/","2026-09-13","","correction","conflict","high","conflict","Seal: rozdzielamy roczniki i niespójne ceny promocji","Karta oferty RP2025: 177 100/181 700 zł, PDF RP2025: 191 400/199 200 zł, PDF RP2026: 205 450/215 910 zł. Rok modelowy trzeba sprawdzić oddzielnie od produkcji.","Promocja 2025 była łączona z parametrami MY2026 i rabatem liczonym od innego katalogu.","Ceny przypisane do źródła i rocznika; MY2026 ma bagażniki 485/72 l, starsza specyfikacja 400/53 l. Potwierdź VIN i wycenę.","To przegląd równolegle dostępnych dokumentów, nie nowa promocja we wrześniu. Dodatkowo nowe PDF podają limit przyczepy Design 750 kg z hamulcem wobec 1000 kg w starszym cenniku; wymagane dokumenty konkretnego auta. Uzupełniono znany od2023 wynik Euro NCAP.","BYD Polska: karta oferty, PDF RP2025/RP2026 i dossier przeglądu","byd/seal/oferta-2026-09-13.md","2026-09-13"
"2026-09-13-byd-etp3-deklaracja-czasu-dc","byd-etp3","https://nowoczesneauta.pl/modele/byd-etp3/","2026-09-13","","correction","changed","medium","uncertain","ETP3: deklaracja 30 min DC wymaga wyjaśnienia","Armatus i broszura BYD podają 20–100% w 30 min, baterię 44,9 kWh i DC 50 kW. Relacja tych wartości wymaga potwierdzenia metody pomiaru; nie jest pewnym czasem postoju.","W materiałach: 30 min od 20 do 100% przy DC 50 kW.","Na stronie: deklaracja wymagająca wyjaśnienia; brak potwierdzonego czasu DC w danych liczbowych.","To weryfikacja opisu, nie zmiana parametrów pojazdu. Przy stałych 50 kW przez 30 min energia wyniosłaby najwyżej 25 kWh; 80% podanej pojemności to około 35,9 kWh. Nie znamy energii użytkowej ani sposobu liczenia SOC, dlatego nie wyliczamy alternatywnego czasu.","BYD ETP3 · broszura 1123-BPS-V5, strony 1–2","rynek-2026/byd-etp3/broszura-en.pdf","2026-09-13"
"2026-09-11-byd-atto-2-dm-i-promotion-changed","byd-atto-2-dm-i","https://nowoczesneauta.pl/modele/byd-atto-2-dm-i/","2026-09-11","","promotion","changed","high","confirmed","BYD ATTO 2 DM-i: promocja wersji Active pogłębiona do 105 700 zł","Cena promocyjna wersji Active spadła ze 114 800 zł do 105 700 zł (rabat 15 040 zł od katalogowych 120 740 zł). Boost pozostaje 127 600 zł przy katalogowej 134 285 zł. Oferta do 30.09.2026, wyłącznie za gotówkę.","Active 114 800 zł (promocja)","Active 105 700 zł (promocja do 30.09.2026)","Zapisujemy stan z oficjalnej karty oferty importera odczytanej 11.09.2026; promocja ma termin i warunek zakupu, których nie interpretujemy szerzej niż dokument.","Karta oferty BYD Polska — odczyt 11.09.2026 (ATTO 2 DM-i)","byd/atto-2-dm-i/dane.md","2026-09-11"
"2026-09-11-byd-seal-promotion-changed","byd-seal","https://nowoczesneauta.pl/modele/byd-seal/","2026-09-11","","promotion","changed","high","confirmed","BYD Seal: promocja rocznika 2025 pogłębiona do 177 100 / 181 700 zł","Karta oferty BYD z 11.09.2026 obniża ceny promocyjne rocznika 2025: Design RWD 177 100 zł (było 191 400 zł), Excellence AWD 181 700 zł (było 199 200 zł). Katalog rocznika 2025 na karcie: 215 900 / 235 900 zł; cennik MY2026: 217 400 / 239 900 zł. Wyłącznie gotówka, do 30.09.2026 lub wyczerpania zapasów.","Design 191 400 zł, Excellence AWD 199 200 zł (promocja)","Design RWD 177 100 zł, Excellence AWD 181 700 zł (promocja do 30.09.2026)","Zapisujemy stan z oficjalnej karty oferty importera odczytanej 11.09.2026; promocja ma termin i warunek zakupu, których nie interpretujemy szerzej niż dokument.","Karta oferty BYD Polska — odczyt 11.09.2026 (Seal)","byd/seal/dane.md","2026-09-11"
"2026-09-11-byd-sealion-5-dm-i-promotion-added","byd-sealion-5-dm-i","https://nowoczesneauta.pl/modele/byd-sealion-5-dm-i/","2026-09-11","","promotion","added","high","confirmed","BYD Sealion 5 DM-i: pierwsza cena promocyjna — 136 500 zł","Karta oferty BYD z 11.09.2026 wprowadza cenę promocyjną wersji Design 136 500 zł zamiast katalogowych 149 990 zł (rabat 13 490 zł). Do 30.09.2026 lub wyczerpania zapasów, wyłącznie za gotówkę.","149 990 zł (tylko cena katalogowa)","136 500 zł (promocja do 30.09.2026) · katalog 149 990 zł","Zapisujemy stan z oficjalnej karty oferty importera odczytanej 11.09.2026; promocja ma termin i warunek zakupu, których nie interpretujemy szerzej niż dokument.","Karta oferty BYD Polska — odczyt 11.09.2026 (Sealion 5 DM-i)","byd/sealion-5-dm-i/dane.md","2026-09-11"
"2026-09-11-mg-zs-promotion-changed","mg-zs","https://nowoczesneauta.pl/modele/mg-zs/","2026-09-11","","promotion","changed","high","confirmed","MG ZS: rabat pogłębiony do 13 000 zł — Standard 72 500 zł","Cennik R26 z 8.09.2026 obniża ceny promocyjne: Standard 72 500 zł (było 78 500 zł), Excite 85 900 zł (było 91 900 zł). Katalog bez zmian: 85 500 / 98 900 zł. Oferta do 30.09.2026, limit 10 aut na klienta.","Standard 78 500 zł, Excite 91 900 zł (promocja)","Standard 72 500 zł, Excite 85 900 zł (promocja do 30.09.2026)","Zapisujemy stan z oficjalnej karty oferty importera odczytanej 11.09.2026; promocja ma termin i warunek zakupu, których nie interpretujemy szerzej niż dokument.","Cennik MG Polska — odczyt 11.09.2026 (ZS)","mg/mg-zs/dane.md","2026-09-11"
"2026-09-11-mg3-hybrid-promotion-changed","mg3-hybrid","https://nowoczesneauta.pl/modele/mg3-hybrid/","2026-09-11","","promotion","changed","high","confirmed","MG3 Hybrid+: promocja 76 950 zł zamiast 87 950 zł do 30.09.2026","Ten sam cennik wprowadza ceny promocyjne 76 950 / 83 500 / 90 000 zł (rabat do 11 000 zł, lakier metalik w cenie). Netto dla kupującego wersja Standard jest o 7 000 zł tańsza niż poprzednia cena 83 950 zł.","Standard 83 950 zł","Standard 76 950 zł (promocja do 30.09.2026)","Zapisujemy stan z oficjalnej karty oferty importera odczytanej 11.09.2026; promocja ma termin i warunek zakupu, których nie interpretujemy szerzej niż dokument.","Cennik MG Polska — odczyt 11.09.2026 (MG3 Hybrid+)","mg/mg3/dane.md","2026-09-11"
"2026-09-11-mg3-promotion-changed","mg3","https://nowoczesneauta.pl/modele/mg3/","2026-09-11","","promotion","changed","high","confirmed","MG3: promocja pogłębiona — Standard 64 500 zł, Excite 70 900 zł","Cennik R26 z 7.09.2026 obniża ceny promocyjne o 5 000 zł: Standard 64 500 zł (było 69 500 zł), Excite 70 900 zł (było 75 900 zł). Katalog bez zmian: 73 500 / 79 900 zł. Oferta 1.09–30.09.2026.","Standard 69 500 zł, Excite 75 900 zł (promocja)","Standard 64 500 zł, Excite 70 900 zł (promocja do 30.09.2026)","Zapisujemy stan z oficjalnej karty oferty importera odczytanej 11.09.2026; promocja ma termin i warunek zakupu, których nie interpretujemy szerzej niż dokument.","Cennik MG Polska — odczyt 11.09.2026 (MG3)","mg/mg3/dane.md","2026-09-11"
"2026-09-11-byd-atto-2-promotion-added","byd-atto-2","https://nowoczesneauta.pl/modele/byd-atto-2/","2026-09-11","","promotion","added","medium","confirmed","BYD ATTO 2: promocja obejmuje też rocznik 2026 (Comfort 148 280 zł)","Karta oferty BYD z 11.09.2026 dodaje do promocji rocznika 2025 (Active 113 100, Boost 116 000, Comfort 132 300 zł) cenę promocyjną wersji Comfort z rocznika 2026: 148 280 zł zamiast 156 900 zł. Wszystkie promocje do 30.09.2026, wyłącznie za gotówkę.","promocja tylko rocznik 2025 (Active od 113 100 zł)","rocznik 2025 od 113 100 zł oraz rocznik 2026 Comfort 148 280 zł","Zapisujemy stan z oficjalnej karty oferty importera odczytanej 11.09.2026; promocja ma termin i warunek zakupu, których nie interpretujemy szerzej niż dokument.","Karta oferty BYD Polska — odczyt 11.09.2026 (ATTO 2)","byd/atto-2/dane.md","2026-09-11"
"2026-09-11-byd-dolphin-g-dm-i-price-changed","byd-dolphin-g-dm-i","https://nowoczesneauta.pl/modele/byd-dolphin-g-dm-i/","2026-09-11","","price","changed","medium","confirmed","BYD Dolphin G DM-i: pełny cennik przedsprzedaży — katalog 120 800 zł, promocje dla 4 wersji","Karta oferty rozdziela cenę katalogową wersji Active (120 800 zł) od ceny promocyjnej 105 000 zł, którą wcześniej pokazywaliśmy jako jedyną. Doszły promocje pozostałych wersji: Boost 116 900, Comfort 121 550, Sport 124 900 zł (katalog 134 200 / 139 700 / 143 500 zł), do 30.09.2026.","Active 105 000 zł (bez rozróżnienia katalog/promocja)","katalog od 120 800 zł, promocja od 105 000 zł do 30.09.2026","Korygujemy sposób prezentacji ceny na podstawie oficjalnego cennika importera; nie twierdzimy, że importer zmienił cenę sprzedaży, jeśli dokument tego nie mówi.","Karta oferty BYD Polska — odczyt 11.09.2026 (Dolphin G DM-i)","rynek-2026/byd-dolphin-g-dm-i/dane.md","2026-09-11"
"2026-09-11-byd-seal-5-dm-i-promotion-added","byd-seal-5-dm-i","https://nowoczesneauta.pl/modele/byd-seal-5-dm-i/","2026-09-11","","promotion","added","medium","confirmed","BYD Seal 5 DM-i: promocja także dla rocznika 2026 (120 160 / 126 610 zł)","Nowy cennik z 17.08.2026 dla rocznika produkcji 2026 dodaje ceny promocyjne Comfort 120 160 zł i Design 126 610 zł (katalog 129 900 / 139 900 zł). Rocznik 2025 nadal 104 600 / 110 600 zł (cennik z 18.08.2026). Wszystko do 30.09.2026, wyłącznie za gotówkę.","promocja tylko rocznik 2025: 104 600 / 110 600 zł","rocznik 2025: 104 600 / 110 600 zł; rocznik 2026: 120 160 / 126 610 zł","Zapisujemy stan z oficjalnej karty oferty importera odczytanej 11.09.2026; promocja ma termin i warunek zakupu, których nie interpretujemy szerzej niż dokument.","Karta oferty BYD Polska — odczyt 11.09.2026 (Seal 5 DM-i)","byd/seal-5-dm-i/dane.md","2026-09-11"
"2026-09-11-byd-seal-6-dm-i-touring-promotion-changed","byd-seal-6-dm-i-touring","https://nowoczesneauta.pl/modele/byd-seal-6-dm-i-touring/","2026-09-11","","promotion","changed","medium","confirmed","BYD Seal 6 DM-i Touring: karta oferty przechodzi na rocznik 2026 (Boost 145 580 zł)","Karta oferty BYD z 11.09.2026 pokazuje tylko rocznik 2026 z promocją Boost 145 580 zł i Comfort 161 850 zł (katalog 159 100 / 187 100 zł) do 30.09.2026. Rocznik 2025 przeniesiono na stronę wyprzedaży: Boost 132 090 zł, Comfort Lite 142 590 zł, bez daty końcowej.","rocznik 2025: Boost 132 100 zł, Comfort 146 000 zł (promocja)","rocznik 2026: Boost 145 580 zł, Comfort 161 850 zł; rocznik 2025 w wyprzedaży od 132 090 zł","Zapisujemy stan z oficjalnej karty oferty importera odczytanej 11.09.2026; promocja ma termin i warunek zakupu, których nie interpretujemy szerzej niż dokument.","Karta oferty BYD Polska — odczyt 11.09.2026 (Seal 6 DM-i Touring)","byd/seal-6-dm-i-touring/dane.md","2026-09-11"
"2026-09-11-byd-seal-6-dm-i-promotion-added","byd-seal-6-dm-i","https://nowoczesneauta.pl/modele/byd-seal-6-dm-i/","2026-09-11","","promotion","added","medium","confirmed","BYD Seal 6 DM-i: promocja rocznika 2026 — Boost 139 630 zł, Comfort 156 220 zł","Obok promocji rocznika 2025 (126 700 / 137 600 / 140 900 zł) karta oferty dodaje ceny promocyjne rocznika 2026: Boost 139 630 zł i Comfort 156 220 zł. Do 30.09.2026, wyłącznie za gotówkę.","promocja tylko rocznik 2025","rocznik 2025 od 126 700 zł, rocznik 2026 od 139 630 zł","Zapisujemy stan z oficjalnej karty oferty importera odczytanej 11.09.2026; promocja ma termin i warunek zakupu, których nie interpretujemy szerzej niż dokument.","Karta oferty BYD Polska — odczyt 11.09.2026 (Seal 6 DM-i)","byd/seal-6-dm-i/dane.md","2026-09-11"
"2026-09-11-byd-seal-6-dm-i-versions-added","byd-seal-6-dm-i","https://nowoczesneauta.pl/modele/byd-seal-6-dm-i/","2026-09-11","","versions","added","medium","confirmed","BYD Seal 6 DM-i: wersja Comfort Lite wróciła do oferty rocznika 2025","Karta oferty i strona wyprzedaży BYD z 11.09.2026 ponownie wymieniają wersję Comfort Lite (katalog 176 300 zł, promocja 137 600 zł) w roczniku 2025 — korygujemy wcześniejszą notatkę o jej zniknięciu.","Boost i Comfort","Boost, Comfort Lite (rocznik 2025) i Comfort","Odnotowujemy wersję obecną w oficjalnej ofercie importera 11.09.2026; wcześniejsza notatka o jej braku wynikała ze starszego dokumentu.","Karta oferty BYD Polska — odczyt 11.09.2026 (Seal 6 DM-i)","byd/seal-6-dm-i/dane.md","2026-09-11"
"2026-09-11-byd-seal-u-dm-i-promotion-added","byd-seal-u-dm-i","https://nowoczesneauta.pl/modele/byd-seal-u-dm-i/","2026-09-11","","promotion","added","medium","confirmed","BYD Seal U DM-i: promocja rocznika 2025 od 142 800 zł obok rocznika 2026","Karta oferty z 11.09.2026 dodaje ceny promocyjne rocznika 2025: Boost 142 800, Comfort 149 600, Design 168 000 zł (katalog 169 900 / 199 395 / 209 900 zł). Rocznik 2026 bez zmian: 152 100 / 164 600 / 179 500 zł. Do 30.09.2026, wyłącznie za gotówkę.","promocja tylko rocznik 2026 od 152 100 zł","rocznik 2025 od 142 800 zł, rocznik 2026 od 152 100 zł","Zapisujemy stan z oficjalnej karty oferty importera odczytanej 11.09.2026; promocja ma termin i warunek zakupu, których nie interpretujemy szerzej niż dokument.","Karta oferty BYD Polska — odczyt 11.09.2026 (Seal U DM-i)","byd/seal-u-dm-i/dane.md","2026-09-11"
"2026-09-11-byd-sealion-7-promotion-added","byd-sealion-7","https://nowoczesneauta.pl/modele/byd-sealion-7/","2026-09-11","","promotion","added","medium","confirmed","BYD Sealion 7: promocja obejmuje też rocznik 2026 (od 210 010 zł)","Obok promocji rocznika 2025 (187 000 / 211 600 / 212 000 zł) karta oferty z 11.09.2026 dodaje ceny promocyjne rocznika 2026: Comfort 210 010, Design AWD 227 910, Excellence AWD 237 990 zł (katalog 219 900 / 239 900 / 247 900 zł). Do 30.09.2026, wyłącznie za gotówkę.","promocja tylko rocznik 2025 od 187 000 zł","rocznik 2025 od 187 000 zł, rocznik 2026 od 210 010 zł","Zapisujemy stan z oficjalnej karty oferty importera odczytanej 11.09.2026; promocja ma termin i warunek zakupu, których nie interpretujemy szerzej niż dokument.","Karta oferty BYD Polska — odczyt 11.09.2026 (Sealion 7)","byd/sealion-7/dane.md","2026-09-11"
"2026-09-11-mg3-hybrid-price-changed","mg3-hybrid","https://nowoczesneauta.pl/modele/mg3-hybrid/","2026-09-11","","price","changed","medium","confirmed","MG3 Hybrid+: cena katalogowa wzrosła o ok. 4 000 zł na wersję","Cennik R26 z 7.09.2026 podnosi ceny katalogowe: Standard 87 950 zł (było 83 950 zł), Excite 94 500 zł (było 90 500 zł), Exclusive 101 000 zł (było 97 000 zł).","83 950 / 90 500 / 97 000 zł","87 950 / 94 500 / 101 000 zł","Korygujemy sposób prezentacji ceny na podstawie oficjalnego cennika importera; nie twierdzimy, że importer zmienił cenę sprzedaży, jeśli dokument tego nie mówi.","Cennik MG Polska — odczyt 11.09.2026 (MG3 Hybrid+)","mg/mg3/dane.md","2026-09-11"
"2026-09-11-mg4-ev-price-changed","mg4-ev","https://nowoczesneauta.pl/modele/mg4-ev/","2026-09-11","","price","changed","medium","confirmed","MG4 EV: najniższa cena wyprzedaży to 100 900 zł (rocznik 2024), nie 105 900 zł","Cennik z 26.06.2026 ma dwa progi wyprzedaży: rocznik 2024 od 100 900 zł i rocznik 2025 od 105 900 zł, przy katalogu 130 900 zł. Pokazujemy najniższy próg jako cenę wyprzedażową i dopisujemy katalog.","105 900 zł (próg rocznika 2025 jako cena główna)","100 900 zł wyprzedaż rocznika 2024 · 105 900 zł rocznik 2025 · katalog 130 900 zł","Korygujemy sposób prezentacji ceny na podstawie oficjalnego cennika importera; nie twierdzimy, że importer zmienił cenę sprzedaży, jeśli dokument tego nie mówi.","Cennik MG Polska — odczyt 11.09.2026 (MG4 EV)","mg/mg4-ev/dane.md","2026-09-11"
"2026-09-11-mgs5-ev-promotion-changed","mgs5-ev","https://nowoczesneauta.pl/modele/mgs5-ev/","2026-09-11","","promotion","changed","medium","confirmed","MGS5 EV: promocja pogłębiona o 2 000 zł, wyprzedaż rocznika 2025 od 129 900 zł","Cenniki z 8.09.2026: rocznik 2026 po promocji 135 900 / 145 900 / 150 900 / 160 900 zł (było 137 900 / 147 900 / 152 900 / 162 900 zł); osobny cennik rocznika 2025 z wyprzedażą 129 900 / 139 900 zł. Katalog bez zmian od 143 900 zł. Do 30.09.2026.","promocja od 137 900 zł","promocja od 135 900 zł (rocznik 2026), wyprzedaż od 129 900 zł (rocznik 2025)","Zapisujemy stan z oficjalnej karty oferty importera odczytanej 11.09.2026; promocja ma termin i warunek zakupu, których nie interpretujemy szerzej niż dokument.","Cennik MG Polska — odczyt 11.09.2026 (MGS5 EV)","mg/mgs5-ev/dane.md","2026-09-11"
"2026-09-11-mg-cyberster-price-changed","mg-cyberster","https://nowoczesneauta.pl/modele/mg-cyberster/","2026-09-11","","price","changed","low","confirmed","MG Cyberster: cennik z 19.08.2026 rozdziela cenę katalogową (277 900 zł) od promocyjnej (267 900 zł)","Nowy cennik R26 pokazuje osobną cenę katalogową wyższą o 10 000 zł na każdy wariant; ceny sprzedaży 267 900–291 900 zł nie zmieniły się. Oznaczamy 267 900 zł jako cenę promocyjną.","267 900 zł (traktowane jako katalog)","267 900 zł promocyjna · 277 900 zł katalogowa","Korygujemy sposób prezentacji ceny na podstawie oficjalnego cennika importera; nie twierdzimy, że importer zmienił cenę sprzedaży, jeśli dokument tego nie mówi.","Cennik MG Polska — odczyt 11.09.2026 (Cyberster)","mg/mg-cyberster/dane.md","2026-09-11"
"2026-09-11-mgs9-phev-promotion-added","mgs9-phev","https://nowoczesneauta.pl/modele/mgs9-phev/","2026-09-11","","promotion","added","low","confirmed","MGS9 PHEV: kredyt 50/50 RRSO 0% od 86 450 zł wpłaty","Zamiast promocji gotówkowej MG oferuje kredyt 50/50 z RRSO 0%: połowa ceny katalogowej przy zakupie (Excite 86 450 zł), reszta w 12. miesiącu. Cennik z 8.09.2026 podaje termin 30.09.2026, strona kampanii 31.10.2026.","brak aktywnej oferty finansowej z terminem","kredyt 50/50 RRSO 0% do 30.09.2026 (wg cennika)","Zapisujemy stan z oficjalnej karty oferty importera odczytanej 11.09.2026; promocja ma termin i warunek zakupu, których nie interpretujemy szerzej niż dokument.","Cennik MG Polska — odczyt 11.09.2026 (MGS9 PHEV)","mg/mgs9-phev/dane.md","2026-09-11"
"2026-08-24-chery-tiggo-8-warranty-table-completed","chery-tiggo-8","https://nowoczesneauta.pl/modele/chery-tiggo-8/","2026-08-24","2026-07-01","warranty","changed","medium","confirmed","Chery Tiggo 8 ma drugą gałąź gwarancji: 3 lata bez limitu kilometrów","Cennik nr 4 z 1 lipca 2026 rozpisuje pełną tabelę gwarancyjną, której cennik nr 2 nie zawierał. Gwarancja mechaniczna to 7 lat lub 150 000 km, w zależności co nastąpi wcześniej, albo 3 lata bez limitu kilometrów. Druga gałąź ma znaczenie przy dużych rocznych przebiegach.","7 lat / 150 tys. km","7 lat / 150 tys. km lub 3 lata bez limitu km","Nie twierdzimy, że Chery zmieniło warunki gwarancji — nowszy cennik rozpisuje tabelę, której starszy dokument nie zawierał. Zapisujemy stan udokumentowany, a nie domniemaną zmianę oferty.","Cennik Chery Tiggo 8 nr 4 z 01.07.2026","niszowe/chery/tiggo-8/dane.md","2026-09-02"
"2026-08-04-jac-js6-current-price-restored","jac-js6","https://nowoczesneauta.pl/modele/jac-js6/","2026-08-04","","price","changed","high","confirmed","JAC JS6 wraca do aktualnej ceny katalogowej","Kwota 115 900 zł była promocją zakończoną najpóźniej 30 czerwca 2026 roku. Aktualny cennik JAC JS6 dla MY2026/RP2026 potwierdza cenę 119 900 zł brutto.","115 900 zł · wygasła oferta promocyjna","119 900 zł · aktualna cena katalogowa","Nie przedłużamy historycznej promocji bez nowego dokumentu; bieżącą kwotę opieramy na aktualnym cenniku wskazanym w dossier.","Dossier JAC JS6 z aktualnym cennikiem MY2026/RP2026","rynek-2026/jac-js6/dane.md","2026-08-04"
"2026-08-04-maxus-t60-max-gross-price-corrected","maxus-t60-max","https://nowoczesneauta.pl/modele/maxus-t60-max/","2026-08-04","","price","changed","high","confirmed","Maxus T60 MAX pokazuje cenę brutto zamiast netto","Oficjalny cennik podaje 129 900 zł netto. Dla spójnej prezentacji cen konsumenckich karta Maxusa T60 MAX pokazuje teraz 159 777 zł brutto po doliczeniu 23% VAT.","129 900 zł · kwota netto prezentowana bez podatkowego kontekstu","159 777 zł brutto · 129 900 zł netto plus 23% VAT","Nie zmienia się cena źródłowa importera; korygujemy sposób prezentacji, aby wartość główna była porównywalna z cenami brutto innych aut.","Oficjalny cennik Maxus T60 MAX","niszowe/maxus/t60-max/cennik.pdf","2026-08-04"
"2026-08-04-mg-hs-hybrid-price-updated","mg-hs-hybrid","https://nowoczesneauta.pl/modele/mg-hs-hybrid/","2026-08-04","","price","changed","high","confirmed","MG HS Hybrid+ otrzymuje zaktualizowane ceny promocyjne","Najnowszy cennik MG HS Hybrid+ obniża publikowane ceny wersji Excite i Exclusive o 3 000 zł. Bieżący zakres promocyjny wynosi 122 900–133 900 zł brutto.","125 900–136 900 zł","122 900–133 900 zł · aktualne ceny promocyjne","Aktualizujemy obie wersje razem, ponieważ ich ceny wynikają z tej samej, najnowszej edycji oficjalnego cennika MG.","Oficjalny cennik MG HS Hybrid+ R26 z czerwca 2026","mg/mg-hs-hybrid/cennik-r26-2026-06.pdf","2026-08-04"
"2026-08-04-mg-zs-hybrid-price-updated","mg-zs-hybrid","https://nowoczesneauta.pl/modele/mg-zs-hybrid/","2026-08-04","","price","changed","high","confirmed","MG ZS Hybrid+ otrzymuje właściwe ceny promocyjne","Kwoty 93 900–111 700 zł opisują najniższe ceny z 30 dni przed obniżką, a nie ofertę bieżącą. Aktualna promocja MG ZS Hybrid+ wynosi 88 900–106 700 zł brutto.","93 900–111 700 zł · najniższe ceny z 30 dni przed obniżką","88 900–106 700 zł · aktualne ceny promocyjne","Rozdzielamy ustawową informację porównawczą od ceny sprzedaży, aby karta modelu nie zawyżała aktualnej oferty o 5 000 zł.","Oficjalny cennik MG ZS Hybrid+ R26 z czerwca 2026","mg/mg-zs-hybrid/cennik-r26-2026-06.pdf","2026-08-04"
"2026-08-04-bestune-b70-price-source-corrected","bestune-b70","https://nowoczesneauta.pl/modele/bestune-b70/","2026-08-04","","correction","changed","high","confirmed","Skorygowano ceny Bestune B70 według właściwego cennika","Audyt wykazał, że karta B70 korzystała z cen i wersji modelu T90. Po przypisaniu właściwego cennika Bestune B70 publikujemy dwie wersje kosztujące 99 900 i 119 900 zł brutto.","109 900–129 900 zł · wersje omyłkowo przejęte z Bestune T90","99 900–119 900 zł · właściwe wersje Bestune B70","To korekta przypisania modelu do dokumentu, dlatego zachowujemy jawny ślad wcześniejszej omyłki i wskazujemy dokładny cennik.","Oficjalny cennik Bestune B70","niszowe/bestune/b70/cennik.pdf","2026-08-04"
"2026-08-04-bestune-t77-price-source-corrected","bestune-t77","https://nowoczesneauta.pl/modele/bestune-t77/","2026-08-04","","correction","changed","high","confirmed","Skorygowano ceny Bestune T77 według właściwego cennika","Karta T77 miała wcześniej warianty i ceny należące do sedana B70. Właściwy cennik Bestune T77 potwierdza trzy odmiany za 89 900, 92 900 i 99 900 zł brutto.","99 900–119 900 zł · wersje omyłkowo przejęte z Bestune B70","89 900–99 900 zł · właściwe wersje Bestune T77","Nowy wpis porządkuje także sprzeczną historię cen T77: źródłem bieżących kwot jest dokument przypisany bezpośrednio do tego modelu.","Oficjalny cennik Bestune T77","niszowe/bestune/t77/cennik.pdf","2026-08-04"
"2026-08-04-bestune-t90-price-source-corrected","bestune-t90","https://nowoczesneauta.pl/modele/bestune-t90/","2026-08-04","","correction","changed","high","confirmed","Skorygowano ceny Bestune T90 według właściwego cennika","Karta T90 prezentowała wcześniej ceny i wersje modelu T77. Po weryfikacji właściwego cennika zakres Bestune T90 wynosi 109 900–129 900 zł brutto, zależnie od wersji.","89 900–99 900 zł · wersje omyłkowo przejęte z Bestune T77","109 900–129 900 zł · właściwe wersje Bestune T90","Podnosimy cenę bazową wyłącznie na podstawie dokumentu dla T90 i pozostawiamy w Radarze pełny ślad korekty źródłowej.","Oficjalny cennik Bestune T90","niszowe/bestune/t90/cennik.pdf","2026-08-04"
"2026-08-04-skywell-et5-current-price-source-selected","skywell-et5","https://nowoczesneauta.pl/modele/skywell-et5/","2026-08-04","","price","changed","high","confirmed","Skywell ET5 otrzymuje ceny z bieżącego cennika marki","Niższy zakres 208 990–229 990 zł pochodził z historycznego materiału. Aktywny cennik publikowany przez Skywell Polska wskazuje 219 990 zł za Comfort i 244 990 zł za Luxury.","208 990–229 990 zł · historyczny materiał cenowy","219 990–244 990 zł · bieżący cennik Skywell Polska","Przy rozbieżności między plikami pierwszeństwo otrzymał dokument udostępniany obecnie przez oficjalną polską stronę marki.","Bieżący oficjalny cennik Skywell ET5","niszowe/skywell/_marka/cennik-et5.pdf","2026-08-04"
"2026-07-31-denza-bao-5-polish-announcement","denza-b5","https://nowoczesneauta.pl/modele/denza-b5/","2026-07-31","","availability","changed","high","confirmed","Denza BAO 5 została oficjalnie zapowiedziana dla Polski","Denza uruchomiła polską stronę produktu BAO 5. Potwierdza to kierunek wejścia na rynek, ale nadal nie podaje polskiego cennika ani dokładnego terminu sprzedaży.","Model obserwowany przez pryzmat innych rynków i importu prywatnego","Oficjalna zapowiedź dla Polski · termin i cena niepotwierdzone","Nie przypisujemy miesiąca premiery i nie przeliczamy cen zagranicznych, dopóki producent nie opublikuje danych dla Polski.","Rejestr oficjalnej polskiej strony Denza BAO 5","rynek-2026/denza-b5/dane.md","2026-07-31"
"2026-07-31-denza-d9-offer-status-corrected","denza-d9","https://nowoczesneauta.pl/modele/denza-d9/","2026-07-31","","correction","corrected","high","confirmed","Denza D9 pozostaje zapowiedzią mimo opublikowanej ceny","Denza Polska publikuje cenę bazową 394 700 zł brutto, ale strona modelu nadal zapowiada konfigurator. Brak aktywnej konfiguracji i tabeli wariantów nie potwierdza otwarcia sprzedaży.","Bieżąca oficjalna oferta w Polsce · aktywna personalizacja","Oficjalna zapowiedź dla Polski · cena przed premierą 394 700 zł brutto","Korygujemy wcześniejszy wpis bez usuwania historii. Oficjalna cena pozostaje publikowana, lecz nie jest dowodem zamawialności modelu.","Weryfikacja polskiej strony modelu, ceny i konfiguratora Denza D9","niszowe/denza/d9/ZRODLA.md","2026-07-31"
"2026-07-31-denza-d9-official-polish-offer","denza-d9","https://nowoczesneauta.pl/modele/denza-d9/","2026-07-31","","price","added","high","confirmed","Denza D9 weszła do oficjalnej polskiej oferty z ceną bazową","Polski konfigurator Denza D9 jest aktywny i publikuje cenę bazową 394 700 zł brutto. Model przestał być oznaczany wyłącznie jako zapowiedź bez cennika.","Zapowiedź dla Polski bez opublikowanej ceny","Oficjalna oferta w Polsce · cena bazowa 394 700 zł brutto","Cena bazowa nie zastępuje pełnej tabeli wersji i dopłat; na stronie pozostawiamy jawne braki konfiguracji.","Rejestr polskiej oferty i konfiguratora Denza D9","rynek-2026/denza-d9/dane.md","2026-07-31"
"2026-07-31-byd-e-vali-coverage-added","byd-e-vali","https://nowoczesneauta.pl/modele/byd-e-vali/","2026-07-31","","availability","added","high","confirmed","Dodano BYD E-Vali do audytu polskiego rynku","Armatus oferuje BYD E-Vali w Polsce w dwóch długościach i klasach DMC oraz publikuje kontakt do sprzedaży i serwisu. Rekord dodano po przeglądzie kompletności producentów, modeli i historii rynku.","Brak osobnego rekordu w centralnym katalogu rynku polskiego.","Oficjalna oferta w Polsce","Rekord przeszedł przegląd źródeł, statusu, ceny i zakresu danych; braki pozostają jawnie opisane.","Dossier rynku polskiego: BYD E-Vali","rynek-2026/byd-e-vali/dane.md","2026-07-31"
"2026-07-31-byd-eth8-coverage-added","byd-eth8","https://nowoczesneauta.pl/modele/byd-eth8/","2026-07-31","","availability","added","high","confirmed","Dodano BYD ETH8 do audytu polskiego rynku","Armatus prezentuje ETH8 jako oficjalnie dostępne w Polsce ciężarowe podwozie BYD i prowadzi sprzedaż oraz serwis. Rekord dodano po przeglądzie kompletności producentów, modeli i historii rynku.","Brak osobnego rekordu w centralnym katalogu rynku polskiego.","Oficjalna oferta w Polsce","Rekord przeszedł przegląd źródeł, statusu, ceny i zakresu danych; braki pozostają jawnie opisane.","Dossier rynku polskiego: BYD ETH8","rynek-2026/byd-eth8/dane.md","2026-07-31"
"2026-07-31-byd-etm6-coverage-added","byd-etm6","https://nowoczesneauta.pl/modele/byd-etm6/","2026-07-31","","availability","added","high","confirmed","Dodano BYD ETM6 do audytu polskiego rynku","Armatus publikuje aktywną polską kartę podwozia BYD ETM6 z dwoma rozstawami osi oraz kontaktem sprzedażowym. Rekord dodano po przeglądzie kompletności producentów, modeli i historii rynku.","Brak osobnego rekordu w centralnym katalogu rynku polskiego.","Oficjalna oferta w Polsce","Rekord przeszedł przegląd źródeł, statusu, ceny i zakresu danych; braki pozostają jawnie opisane.","Dossier rynku polskiego: BYD ETM6","rynek-2026/byd-etm6/dane.md","2026-07-31"
"2026-07-31-byd-etp3-coverage-added","byd-etp3","https://nowoczesneauta.pl/modele/byd-etp3/","2026-07-31","","availability","added","high","confirmed","Dodano BYD ETP3 eVan do audytu polskiego rynku","Autoryzowany dystrybutor BYD Trucks Armatus publikuje polską kartę ETP3, dane techniczne, kontakty sprzedażowe i serwisowe. Rekord dodano po przeglądzie kompletności producentów, modeli i historii rynku.","Brak osobnego rekordu w centralnym katalogu rynku polskiego.","Oficjalna oferta w Polsce","Rekord przeszedł przegląd źródeł, statusu, ceny i zakresu danych; braki pozostają jawnie opisane.","Dossier rynku polskiego: BYD ETP3 eVan","rynek-2026/byd-etp3/dane.md","2026-07-31"
"2026-07-31-farizon-supervan-coverage-added","farizon-supervan","https://nowoczesneauta.pl/modele/farizon-supervan/","2026-07-31","","availability","added","high","confirmed","Dodano Farizon SV / SuperVan do audytu polskiego rynku","Farizon Polska publikuje oficjalny cennik dziesięciu konfiguracji SV oraz przyjmuje zapytania i zapisy na jazdę próbną. Rekord dodano po przeglądzie kompletności producentów, modeli i historii rynku.","Brak osobnego rekordu w centralnym katalogu rynku polskiego.","Oficjalna oferta w Polsce","Rekord przeszedł przegląd źródeł, statusu, ceny i zakresu danych; braki pozostają jawnie opisane.","Dossier rynku polskiego: Farizon SV / SuperVan","rynek-2026/farizon-supervan/dane.md","2026-07-31"
"2026-07-31-farizon-v6e-coverage-added","farizon-v6e","https://nowoczesneauta.pl/modele/farizon-v6e/","2026-07-31","","availability","added","high","confirmed","Dodano Farizon V6E do audytu polskiego rynku","Farizon Polska publikuje aktywną kartę modelu, formularz ofertowy i oficjalny cennik V6E z ceną końcową brutto. Rekord dodano po przeglądzie kompletności producentów, modeli i historii rynku.","Brak osobnego rekordu w centralnym katalogu rynku polskiego.","Oficjalna oferta w Polsce","Rekord przeszedł przegląd źródeł, statusu, ceny i zakresu danych; braki pozostają jawnie opisane.","Dossier rynku polskiego: Farizon V6E","rynek-2026/farizon-v6e/dane.md","2026-07-31"
"2026-07-31-foton-aumark-s-coverage-added","foton-aumark-s","https://nowoczesneauta.pl/modele/foton-aumark-s/","2026-07-31","","availability","added","high","confirmed","Dodano Foton Aumark S do audytu polskiego rynku","Aumark S jest aktywną rodziną ciężarową oficjalnego importera Foton Polska i ma formularz zapytania, bez publicznej ceny. Rekord dodano po przeglądzie kompletności producentów, modeli i historii rynku.","Brak osobnego rekordu w centralnym katalogu rynku polskiego.","Oficjalna oferta w Polsce","Rekord przeszedł przegląd źródeł, statusu, ceny i zakresu danych; braki pozostają jawnie opisane.","Dossier rynku polskiego: Foton Aumark S","rynek-2026/foton-aumark-s/dane.md","2026-07-31"
"2026-07-31-foton-cavan-coverage-added","foton-cavan","https://nowoczesneauta.pl/modele/foton-cavan/","2026-07-31","","availability","added","high","confirmed","Dodano Foton Cavan do audytu polskiego rynku","Foton Polska przedstawia Cavan C1, C1 Plus i C1 Max na jednej aktywnej karcie rodziny i przyjmuje zapytania bez jawnej ceny. Rekord dodano po przeglądzie kompletności producentów, modeli i historii rynku.","Brak osobnego rekordu w centralnym katalogu rynku polskiego.","Oficjalna oferta w Polsce","Rekord przeszedł przegląd źródeł, statusu, ceny i zakresu danych; braki pozostają jawnie opisane.","Dossier rynku polskiego: Foton Cavan","rynek-2026/foton-cavan/dane.md","2026-07-31"
"2026-07-31-foton-eaumark-coverage-added","foton-eaumark","https://nowoczesneauta.pl/modele/foton-eaumark/","2026-07-31","","availability","added","high","confirmed","Dodano Foton eAumark do audytu polskiego rynku","eAumark ma oficjalną polską kartę rodziny Electric/PHEV i formularz zapytania; wersja wodorowa nie jest polską ofertą handlową. Rekord dodano po przeglądzie kompletności producentów, modeli i historii rynku.","Brak osobnego rekordu w centralnym katalogu rynku polskiego.","Oficjalna oferta w Polsce","Rekord przeszedł przegląd źródeł, statusu, ceny i zakresu danych; braki pozostają jawnie opisane.","Dossier rynku polskiego: Foton eAumark","rynek-2026/foton-eaumark/dane.md","2026-07-31"
"2026-07-31-foton-emiler-coverage-added","foton-emiler","https://nowoczesneauta.pl/modele/foton-emiler/","2026-07-31","","availability","added","high","confirmed","Dodano Foton eMiler do audytu polskiego rynku","eMiler znajduje się w aktywnej oficjalnej polskiej ofercie ciężarowej Foton i ma formularz zapytania, bez cennika. Rekord dodano po przeglądzie kompletności producentów, modeli i historii rynku.","Brak osobnego rekordu w centralnym katalogu rynku polskiego.","Oficjalna oferta w Polsce","Rekord przeszedł przegląd źródeł, statusu, ceny i zakresu danych; braki pozostają jawnie opisane.","Dossier rynku polskiego: Foton eMiler","rynek-2026/foton-emiler/dane.md","2026-07-31"
"2026-07-31-foton-etoano-pro-coverage-added","foton-etoano-pro","https://nowoczesneauta.pl/modele/foton-etoano-pro/","2026-07-31","","availability","added","high","confirmed","Dodano Foton eToano Pro do audytu polskiego rynku","Foton Polska umieszcza eToano Pro w oficjalnej ofercie vanów i przyjmuje zapytania, lecz nie publikuje ceny ani tabeli homologacji PL. Rekord dodano po przeglądzie kompletności producentów, modeli i historii rynku.","Brak osobnego rekordu w centralnym katalogu rynku polskiego.","Oficjalna oferta w Polsce","Rekord przeszedł przegląd źródeł, statusu, ceny i zakresu danych; braki pozostają jawnie opisane.","Dossier rynku polskiego: Foton eToano Pro","rynek-2026/foton-etoano-pro/dane.md","2026-07-31"
"2026-07-31-foton-tunland-g7-coverage-added","foton-tunland-g7","https://nowoczesneauta.pl/modele/foton-tunland-g7/","2026-07-31","","availability","added","high","confirmed","Dodano Foton Tunland G7 do audytu polskiego rynku","Oficjalny importer Foton Polska prezentuje Tunlanda G7 w aktywnej gamie i przyjmuje zapytania, ale nie publikuje ceny. Rekord dodano po przeglądzie kompletności producentów, modeli i historii rynku.","Brak osobnego rekordu w centralnym katalogu rynku polskiego.","Oficjalna oferta w Polsce","Rekord przeszedł przegląd źródeł, statusu, ceny i zakresu danych; braki pozostają jawnie opisane.","Dossier rynku polskiego: Foton Tunland G7","rynek-2026/foton-tunland-g7/dane.md","2026-07-31"
"2026-07-31-foton-tunland-v9-coverage-added","foton-tunland-v9","https://nowoczesneauta.pl/modele/foton-tunland-v9/","2026-07-31","","availability","added","high","confirmed","Dodano Foton Tunland V9 do audytu polskiego rynku","Tunland V9 ma aktywną kartę w oficjalnej polskiej gamie Foton i formularz zapytania, bez publicznego cennika. Rekord dodano po przeglądzie kompletności producentów, modeli i historii rynku.","Brak osobnego rekordu w centralnym katalogu rynku polskiego.","Oficjalna oferta w Polsce","Rekord przeszedł przegląd źródeł, statusu, ceny i zakresu danych; braki pozostają jawnie opisane.","Dossier rynku polskiego: Foton Tunland V9","rynek-2026/foton-tunland-v9/dane.md","2026-07-31"
"2026-07-31-geely-e2-coverage-added","geely-e2","https://nowoczesneauta.pl/modele/geely-e2/","2026-07-31","","availability","added","high","confirmed","Dodano Geely E2 (EX2) do audytu polskiego rynku","Geely Polska wymienia E2 jako nadchodzący kolejny model, ale nie publikuje jeszcze polskiego cennika, konfiguracji ani miesiąca premiery. Rekord dodano po przeglądzie kompletności producentów, modeli i historii rynku.","Brak osobnego rekordu w centralnym katalogu rynku polskiego.","Zapowiedź dla Polski","Rekord przeszedł przegląd źródeł, statusu, ceny i zakresu danych; braki pozostają jawnie opisane.","Dossier rynku polskiego: Geely E2 (EX2)","rynek-2026/geely-e2/dane.md","2026-07-31"
"2026-07-31-hongqi-hs5-218-km-coverage-added","hongqi-hs5-218-km","https://nowoczesneauta.pl/modele/hongqi-hs5-218-km/","2026-07-31","","availability","added","high","confirmed","Dodano Hongqi HS5 218 KM (poprzednia generacja) do audytu polskiego rynku","Hongqi Polska nadal publikuje osobną aktywną kartę, cennik 159 900 zł, formularz jazdy próbnej i ofertę dla HS5 218 KM równolegle z NEW HS5. Rekord dodano po przeglądzie kompletności producentów, modeli i historii rynku.","Brak osobnego rekordu w centralnym katalogu rynku polskiego.","Oficjalna oferta w Polsce","Rekord przeszedł przegląd źródeł, statusu, ceny i zakresu danych; braki pozostają jawnie opisane.","Dossier rynku polskiego: Hongqi HS5 218 KM (poprzednia generacja)","rynek-2026/hongqi-hs5-218-km/dane.md","2026-07-31"
"2026-07-31-jac-e30x-coverage-added","jac-e30x","https://nowoczesneauta.pl/modele/jac-e30x/","2026-07-31","","availability","added","high","confirmed","Dodano JAC E30X do audytu polskiego rynku","JAC Polska zaprezentował E30X jako polską premierę i zapowiedział rozpoczęcie sprzedaży latem 2026 roku; cennik i dokładny miesiąc nie zostały opublikowane. Rekord dodano po przeglądzie kompletności producentów, modeli i historii rynku.","Brak osobnego rekordu w centralnym katalogu rynku polskiego.","Zapowiedź dla Polski","Rekord przeszedł przegląd źródeł, statusu, ceny i zakresu danych; braki pozostają jawnie opisane.","Dossier rynku polskiego: JAC E30X","rynek-2026/jac-e30x/dane.md","2026-07-31"
"2026-07-31-jac-js6-phev-coverage-added","jac-js6-phev","https://nowoczesneauta.pl/modele/jac-js6-phev/","2026-07-31","","availability","added","high","confirmed","Dodano JAC JS6 PHEV do audytu polskiego rynku","Dyrektor sprzedaży JAC Polska potwierdził plan wprowadzenia odrębnej wersji JS6 plug-in; nie podał daty sprzedaży, ceny ani konfiguracji dla Polski. Rekord dodano po przeglądzie kompletności producentów, modeli i historii rynku.","Brak osobnego rekordu w centralnym katalogu rynku polskiego.","Zapowiedź dla Polski","Rekord przeszedł przegląd źródeł, statusu, ceny i zakresu danych; braki pozostają jawnie opisane.","Dossier rynku polskiego: JAC JS6 PHEV","rynek-2026/jac-js6-phev/dane.md","2026-07-31"
"2026-07-31-jac-n90-coverage-added","jac-n90","https://nowoczesneauta.pl/modele/jac-n90/","2026-07-31","","availability","added","high","confirmed","Dodano JAC N90 do audytu polskiego rynku","Dyrektor zarządzający JAC Polska przedstawił N90 o DMC 9 t jako nowy element polskiego portfolio po pokazie na Poznań Motor Show 2026; termin sprzedaży i cennik nie są potwierdzone. Rekord dodano po przeglądzie kompletności producentów, modeli i historii rynku.","Brak osobnego rekordu w centralnym katalogu rynku polskiego.","Zapowiedź dla Polski","Rekord przeszedł przegląd źródeł, statusu, ceny i zakresu danych; braki pozostają jawnie opisane.","Dossier rynku polskiego: JAC N90","rynek-2026/jac-n90/dane.md","2026-07-31"
"2026-07-31-jetour-x50-coverage-added","jetour-x50","https://nowoczesneauta.pl/modele/jetour-x50/","2026-07-31","","availability","added","high","confirmed","Dodano Jetour X50 do audytu polskiego rynku","Jetour Polska publikuje pełną polską kartę X50 i formularz zapytania, lecz brak cennika, oferty magazynowej i potwierdzenia startu regularnej sprzedaży. Rekord dodano po przeglądzie kompletności producentów, modeli i historii rynku.","Brak osobnego rekordu w centralnym katalogu rynku polskiego.","Zapowiedź dla Polski","Rekord przeszedł przegląd źródeł, statusu, ceny i zakresu danych; braki pozostają jawnie opisane.","Dossier rynku polskiego: Jetour X50","rynek-2026/jetour-x50/dane.md","2026-07-31"
"2026-07-31-leapmotor-b03x-coverage-added","leapmotor-b03x","https://nowoczesneauta.pl/modele/leapmotor-b03x/","2026-07-31","","availability","added","high","confirmed","Dodano Leapmotor B03X do audytu polskiego rynku","Oficjalny wirtualny salon Leapmotor umożliwia konfigurację i złożenie zamówienia na B03X z produkcji 2026. Rekord dodano po przeglądzie kompletności producentów, modeli i historii rynku.","Brak osobnego rekordu w centralnym katalogu rynku polskiego.","Oficjalna oferta w Polsce","Rekord przeszedł przegląd źródeł, statusu, ceny i zakresu danych; braki pozostają jawnie opisane.","Dossier rynku polskiego: Leapmotor B03X","rynek-2026/leapmotor-b03x/dane.md","2026-07-31"
"2026-07-31-leapmotor-b10-hybrid-ev-coverage-added","leapmotor-b10-hybrid-ev","https://nowoczesneauta.pl/modele/leapmotor-b10-hybrid-ev/","2026-07-31","","availability","added","high","confirmed","Dodano Leapmotor B10 Hybrid EV do audytu polskiego rynku","B10 Hybrid EV ma osobne konfiguracje Life i Design w oficjalnym polskim sklepie Leapmotor i może być zamawiany online. Rekord dodano po przeglądzie kompletności producentów, modeli i historii rynku.","Brak osobnego rekordu w centralnym katalogu rynku polskiego.","Oficjalna oferta w Polsce","Rekord przeszedł przegląd źródeł, statusu, ceny i zakresu danych; braki pozostają jawnie opisane.","Dossier rynku polskiego: Leapmotor B10 Hybrid EV","rynek-2026/leapmotor-b10-hybrid-ev/dane.md","2026-07-31"
"2026-07-31-leapmotor-c10-hybrid-ev-coverage-added","leapmotor-c10-hybrid-ev","https://nowoczesneauta.pl/modele/leapmotor-c10-hybrid-ev/","2026-07-31","","availability","added","high","confirmed","Dodano Leapmotor C10 Hybrid EV do audytu polskiego rynku","Oficjalny polski sklep Leapmotor przyjmuje konfiguracje i zamówienia na C10 Hybrid EV w wersjach Life i Design. Rekord dodano po przeglądzie kompletności producentów, modeli i historii rynku.","Brak osobnego rekordu w centralnym katalogu rynku polskiego.","Oficjalna oferta w Polsce","Rekord przeszedł przegląd źródeł, statusu, ceny i zakresu danych; braki pozostają jawnie opisane.","Dossier rynku polskiego: Leapmotor C10 Hybrid EV","rynek-2026/leapmotor-c10-hybrid-ev/dane.md","2026-07-31"
"2026-07-31-lepas-l4-coverage-added","lepas-l4","https://nowoczesneauta.pl/modele/lepas-l4/","2026-07-31","","availability","added","high","confirmed","Dodano LEPAS L4 do oficjalnych zapowiedzi Polski","Polski product manager wskazał L4 PHEV jako model dołączający przy premierze marki planowanej na jesień 2026 roku. Cena i otwarcie zamówień pozostają nieopublikowane.","LEPAS pozostawał na liście obserwacyjnej bez osobnego rekordu modelu.","Oficjalna zapowiedź dla Polski · jesień 2026","Termin zapisano jako sezon; relacjonowany przełom września i października nie jest dokładnym dniem sprzedaży.","Dossier polskiej zapowiedzi LEPAS L4","zapowiedzi-2026/lepas/l4/dane.md","2026-07-31"
"2026-07-31-lepas-l6-coverage-added","lepas-l6","https://nowoczesneauta.pl/modele/lepas-l6/","2026-07-31","","availability","added","high","confirmed","Dodano LEPAS L6 do oficjalnych zapowiedzi Polski","L6 pokazano przedpremierowo na Poznań Motor Show 2026, a debiut rynkowy marki zapowiedziano na jesień. Europejska gama obejmuje PHEV i EV, bez polskich cen.","LEPAS pozostawał na liście obserwacyjnej bez osobnego rekordu modelu.","Oficjalna zapowiedź dla Polski · jesień 2026","Pokaz targowy nie jest otwarciem zamówień; oba napędy wymagają osobnego potwierdzenia w polskim cenniku.","Dossier polskiej zapowiedzi LEPAS L6","zapowiedzi-2026/lepas/l6/dane.md","2026-07-31"
"2026-07-31-lepas-l8-coverage-added","lepas-l8","https://nowoczesneauta.pl/modele/lepas-l8/","2026-07-31","","availability","added","high","confirmed","Dodano LEPAS L8 do oficjalnych zapowiedzi Polski","Flagowy L8 PHEV pokazano w Poznaniu przed jesiennym debiutem marki. Dane producenta są referencją globalną; polski cennik i homologacja nie zostały opublikowane.","LEPAS pozostawał na liście obserwacyjnej bez osobnego rekordu modelu.","Oficjalna zapowiedź dla Polski · jesień 2026","Globalne deklaracje zasięgu nie są publikowane jako finalny WLTP dla Polski, a cel Euro NCAP nie jest wynikiem testu.","Dossier polskiej zapowiedzi LEPAS L8","zapowiedzi-2026/lepas/l8/dane.md","2026-07-31"
"2026-07-31-omoda-4-coverage-added","omoda-4","https://nowoczesneauta.pl/modele/omoda-4/","2026-07-31","","availability","added","high","confirmed","Dodano Omoda 4 do audytu polskiego rynku","OMODA & JAECOO Polska nazwała OMODA 4 nowością na polski rynek i zapowiedziała prezentację pod koniec 2026 roku; data sprzedaży i finalny napęd pozostają niepotwierdzone. Rekord dodano po przeglądzie kompletności producentów, modeli i historii rynku.","Brak osobnego rekordu w centralnym katalogu rynku polskiego.","Zapowiedź dla Polski","Rekord przeszedł przegląd źródeł, statusu, ceny i zakresu danych; braki pozostają jawnie opisane.","Dossier rynku polskiego: Omoda 4","rynek-2026/omoda-4/dane.md","2026-07-31"
"2026-07-13-bestune-t77-clearance-withdrawn","bestune-t77","https://nowoczesneauta.pl/modele/bestune-t77/","2026-07-13","","promotion","expired","high","uncertain","Bestune T77 wraca do cen katalogowych po wyprzedaży rocznika","Niższe kwoty 99 900 i 119 900 zł są opisane jako wyprzedaż rocznika 2025 bez potwierdzenia obowiązywania w lipcu 2026. Karta pokazuje ceny katalogowe 119 900 i 139 900 zł.","Wyprzedaż rocznika 2025: 99 900–119 900 zł","Ceny katalogowe: 119 900–139 900 zł","Nie znamy dnia zakończenia akcji, dlatego skutek oznaczamy jako niepewny, ale nie publikujemy starej kwoty jako bieżącej.","Rejestr danych i cennika Bestune T77","niszowe/bestune/t77/dane.md","2026-07-13"
"2026-07-01-jaecoo-7-promotion-expired","jaecoo-7","https://nowoczesneauta.pl/modele/jaecoo-7/","2026-07-13","2026-07-01","promotion","expired","high","confirmed","Czerwcowa promocja Jaecoo 7 wygasła","Warunkiem cen 130 900 i 148 900 zł było wydanie auta do 30 czerwca 2026. Od lipca, bez dokumentu przedłużającego akcję, karta pokazuje katalogowe 139 900 i 157 900 zł.","Promocja 130 900–148 900 zł do 30.06.2026","Ceny katalogowe 139 900–157 900 zł","Data końcowa wynika wprost z cennika; nie przedłużamy promocji na podstawie samej obecności starego pliku.","Cennik Jaecoo 7 nr 5 z 1 czerwca 2026","omoda-jaecoo/jaecoo-7/cennik-2026-nr5.pdf","2026-07-13"
"2026-07-13-forthing-t-five-price-display-changed","forthing-t-five","https://nowoczesneauta.pl/modele/forthing-t-five/","2026-07-13","","price","changed","high","uncertain","Forthing T-FIVE jest publikowany z ceną katalogową","Kwota 115 900 zł występuje wyłącznie w starszym materiale bez aktualnego terminu. Karta pokazuje 135 900 zł potwierdzone w materiale MY2026.","115 900 zł ze starszego materiału promocyjnego","135 900 zł katalogowo w materiale MY2026","Nie rozstrzygamy, czy dealer nadal może udzielić rabatu; usuwamy jedynie niepotwierdzoną obietnicę z ceny głównej.","Rejestr dokumentów Forthing T-FIVE MY2025 i MY2026","niszowe/forthing/t-five/dane.md","2026-07-13"
"2026-07-01-mg-hs-promotion-expired","mg-hs","https://nowoczesneauta.pl/modele/mg-hs/","2026-07-13","2026-07-01","promotion","expired","high","confirmed","Promocja MG HS zakończyła się bez potwierdzonego przedłużenia","Rabat rocznika 2024/2025 wygasł 30 czerwca 2026. Bez nowego dokumentu karta modelu wróciła do cen katalogowych od 117 900 zł.","Promocja od 99 900 zł do 30.06.2026","Cena katalogowa od 117 900 zł","Nie zakładamy automatycznego przedłużenia promocji po dacie zapisanej w oficjalnym cenniku.","Cennik MG HS R25 obowiązujący w drugim kwartale 2026","mg/mg-hs/cennik-r25-2026.pdf","2026-07-13"
"2026-07-01-omoda-5-hybrid-promotion-expired","omoda-5-hybrid","https://nowoczesneauta.pl/modele/omoda-5-hybrid/","2026-07-13","2026-07-01","promotion","expired","high","confirmed","Promocja Omody 5 Hybrid wygasła z końcem czerwca","Ceny rocznika 2025 obowiązywały do 30 czerwca 2026. Karta modelu pokazuje obecnie katalogowe 119 500 zł za Comfort i 136 500 zł za Premium.","Promocja 116 500–133 500 zł do 30.06.2026","Ceny katalogowe 119 500–136 500 zł","Zmiana prezentacji wynika bezpośrednio z daty końcowej cennika, a nie z estymacji nowej oferty.","Cennik Omoda 5 Hybrid nr 4 z 1 czerwca 2026","omoda-jaecoo/omoda-5-hybrid/cennik-2026-nr4-pgd-benzyna-hybryda.pdf","2026-07-13"
"2026-07-01-omoda-5-promotion-expired","omoda-5","https://nowoczesneauta.pl/modele/omoda-5/","2026-07-13","2026-07-01","promotion","expired","high","confirmed","Promocja Omody 5 wygasła i karta wróciła do cen katalogowych","Okno rabatowe dla egzemplarzy z produkcji 2025 zakończyło się 30 czerwca 2026. Publikowane ceny wynoszą teraz 115 500–129 500 zł.","Promocja 107 900–120 900 zł do 30.06.2026","Ceny katalogowe 115 500–129 500 zł","Niższych kwot nie publikujemy jako bieżących bez dokumentu, który przedłuża termin promocji.","Cennik Omoda 5 nr 4 z 1 czerwca 2026","omoda-jaecoo/omoda-5/cennik-2026-nr4-pgd-benzyna-hybryda.pdf","2026-07-13"
"2026-05-01-jaecoo-7-super-hybrid-promotion-expired","jaecoo-7-super-hybrid","https://nowoczesneauta.pl/modele/jaecoo-7-super-hybrid/","2026-07-13","2026-05-01","promotion","expired","high","confirmed","Rabat Jaecoo 7 Super Hybrid nie obowiązuje od maja","Gotówkowy rabat 9000 zł zakończył się 30 kwietnia 2026. Bez nowego cennika publikujemy 159 900 zł za Select i 169 900 zł za Exclusive.","Promocja 150 900–160 900 zł do 30.04.2026","Ceny katalogowe 159 900–169 900 zł","Historyczne kwoty pozostają w rejestrze zmiany, ale nie obniżają bieżącej ceny karty modelu.","Cennik Jaecoo 7 Super Hybrid nr 5 z 1 kwietnia 2026","omoda-jaecoo/jaecoo-7-super-hybrid/cennik-2026-nr5.pdf","2026-07-13"
"2026-07-01-chery-tiggo-4-model-year-prices","chery-tiggo-4","https://nowoczesneauta.pl/modele/chery-tiggo-4/","2026-07-08","2026-07-01","price","changed","high","confirmed","Chery Tiggo 4 ma równoległe ceny roczników 2025 i 2026","Rocznik 2026 kosztuje katalogowo 98 200–107 900 zł. Samochody z produkcji 2025 pozostają w promocji od 90 900 zł do 30.09.2026.","Rocznik 2025 · od 95 900 zł katalogowo","Rocznik 2026 · od 98 200 zł katalogowo","W bazie jako cenę główną pokazujemy aktualny rocznik 2026, a promocję starszego rocznika opisujemy oddzielnie.","Cenniki Chery Tiggo 4 nr 4/2025 i nr 1/2026","niszowe/chery/tiggo-4/dane.md","2026-07-12"
"2026-06-01-omoda-7-warranty-conflict","omoda-7","https://nowoczesneauta.pl/modele/omoda-7/","2026-07-08","2026-06-01","warranty","conflict","high","conflict","Dwa cenniki Omoda 7 inaczej opisują gwarancję","Cennik nr 1 rozdziela 7 lat/150 tys. km na pojazd i 8 lat/160 tys. km na baterię. Cennik nr 3 podaje jedynie 8 lat/160 tys. km bez rozbicia.","7 lat/150 tys. km pojazd + 8 lat/160 tys. km bateria","8 lat/160 tys. km bez wskazania zakresu","Nie interpretujemy skróconego zapisu jako potwierdzonego wydłużenia gwarancji całego pojazdu.","Cennik Omoda 7 nr 3 z 01.06.2026","omoda-jaecoo/omoda-7/cennik-2026-nr3.pdf","2026-07-12"
"2026-07-01-chery-tiggo-8-winter-tyres-removed","chery-tiggo-8","https://nowoczesneauta.pl/modele/chery-tiggo-8/","2026-07-08","2026-07-01","promotion","removed","medium","confirmed","Chery Tiggo 8 stracił komplet opon zimowych za 1 zł","Aktualny cennik nadal zawiera rabat i ubezpieczenie, ale nie zawiera kompletu opon zimowych wycenianego wcześniej na 2 000 zł.","Korzyść do 24 000 zł · w tym opony zimowe","Korzyść do 22 000 zł · bez opon zimowych","Cena samochodu nie wzrosła, ale zmniejszyła się wartość pakietu promocyjnego.","Cenniki Chery Tiggo 8 nr 2 i nr 4","niszowe/chery/tiggo-8/dane.md","2026-07-12"
"2026-07-01-chery-tiggo-7-promo-extended","chery-tiggo-7","https://nowoczesneauta.pl/modele/chery-tiggo-7/","2026-07-08","2026-07-01","promotion","extended","medium","confirmed","Promocja Chery Tiggo 7 przedłużona do końca września","Ceny nie zmieniły się względem poprzedniego cennika; nowy dokument przesunął termin promocji z 30.06 na 30.09.2026.","Promocja do 30.06.2026","Promocja do 30.09.2026","To zmiana terminu, nie kolejna obniżka ceny.","Cennik Chery Tiggo 7 nr 4 z 01.07.2026","niszowe/chery/tiggo-7/dane.md","2026-07-12"
"2026-04-10-leapmotor-t03-mint-green-removed","leapmotor-t03","https://nowoczesneauta.pl/modele/leapmotor-t03/","2026-07-08","2026-04-10","equipment","removed","low","confirmed","Mint Green zniknął z palety Leapmotor T03","Najnowszy cennik RP26 wymienia trzy kolory i nie zawiera lakieru Mint Green obecnego w dokumentach z listopada 2025 i stycznia 2026.","4 kolory, w tym Mint Green","3 kolory: Canopy Grey, Caribbean Blue, Light White","Zmiana nie wpływa na cenę bazową, która pozostaje stabilna na poziomie 84 900 zł.","Cennik Leapmotor T03 RP26 z 10.04.2026","leapmotor/t03/cennik-2026-rp26-gazdagroup.pdf","2026-07-12"
"2026-07-07-byd-dolphin-surf-active-removed","byd-dolphin-surf","https://nowoczesneauta.pl/modele/byd-dolphin-surf/","2026-07-07","","versions","removed","high","uncertain","Active zniknął z oferty BYD Dolphin Surf","W najnowszej tabeli pozostały wersje Boost i Comfort. Wcześniejszy Active kosztował 82 700 zł.","Active, Boost i Comfort","Boost i Comfort","Brak osobnego komunikatu producenta o trwałym wycofaniu wersji.","Cenniki BYD Dolphin Surf porównane w fali VI–VII 2026","byd/dolphin-surf/cennik-2025.pdf","2026-07-12"
"2026-07-07-byd-atto-2-comfort-added","byd-atto-2","https://nowoczesneauta.pl/modele/byd-atto-2/","2026-07-07","","versions","added","high","confirmed","BYD Atto 2 dostał wersję Comfort","Nowy wariant za 156 900 zł ma 204 KM i tylne zawieszenie Multi-link, podczas gdy Active i Boost mają 177 KM oraz belkę skrętną.","Active i Boost · 177 KM","Comfort · 156 900 zł · 204 KM","Zmiana dotyczy nie tylko wyposażenia, ale również mocy i konstrukcji tylnego zawieszenia.","Cennik BYD Atto 2, fala VI–VII 2026","byd/atto-2/cennik-2025.pdf","2026-07-12"
"2026-07-07-byd-seal-6-comfort-lite-removed","byd-seal-6-dm-i","https://nowoczesneauta.pl/modele/byd-seal-6-dm-i/","2026-07-07","","versions","removed","high","confirmed","Comfort Lite zniknął z BYD Seal 6 DM-i","Wersja Comfort Lite za 176 300 zł występowała w cenniku 2025. Dokumenty VI–VII 2026 pokazują już tylko Boost i Comfort.","Boost, Comfort Lite i Comfort","Boost i Comfort","Ceny pozostałych wersji nie zmieniły się; zmniejszyła się liczba wariantów.","Cenniki BYD Seal 6 DM-i 2025 i VI–VII 2026","byd/seal-6-dm-i/cennik-2025.pdf","2026-07-12"
"2026-07-07-xpeng-g6-warranty-conflict","xpeng-g6","https://nowoczesneauta.pl/modele/xpeng-g6/","2026-07-07","","warranty","conflict","high","conflict","Hasło gwarancji XPeng G6 nie zgadza się z książką EU","Cennik komunikuje 7 lat gwarancji bez ograniczeń, natomiast książka gwarancyjna definiuje 5 lat/120 tys. km na pojazd i 8 lat/160 tys. km na układ wysokonapięciowy.","Marketing: 7 lat bez ograniczeń","Dokument: 5 lat/120 tys. km; bateria 8 lat/160 tys. km","Na stronie przyjmujemy dosłowne warunki z książki gwarancyjnej jako źródło bardziej wiążące.","Europejska książka gwarancyjna XPeng","xpeng/g6/gwarancja-eu.pdf","2026-07-12"
"2026-07-07-mg-hs-phev-polish-price-list","mg-hs-phev","https://nowoczesneauta.pl/modele/mg-hs-phev/","2026-07-07","","availability","added","high","confirmed","MG HS PHEV dostał polski cennik","Zamknięta została luka cenowa: wcześniejsze dane pochodziły z materiałów wielorynkowych bez cen w złotych, a obecnie dostępny jest polski cennik R26.","Brak potwierdzonej ceny w polskim cenniku","Excite od 164 500 zł · Exclusive od 173 500 zł","Nazwy wersji Excite/Exclusive różnią się od Comfort/Luxury w starszej broszurze wielorynkowej.","Polski cennik MG HS PHEV R26","mg/mg-hs-phev/cennik-r26-2026-06.pdf","2026-07-12"
"2026-07-07-mg-zs-r26-lineup","mg-zs","https://nowoczesneauta.pl/modele/mg-zs/","2026-07-07","","versions","changed","high","confirmed","MG ZS R26 zmienił linię wersji i silnik","Aktualny cennik wprowadza wersje Standard/Excite z silnikiem 1.5 MT5 115 KM zamiast starszych Excite/Exclusive 106 KM.","Excite/Exclusive · 106 KM","Standard/Excite · 115 KM","Starej linii nie mieszamy z aktualnym cennikiem; pozostaje opisana jako historia modelu.","Cennik MG ZS R26, VI 2026","mg/mg-zs/cennik-r26-2026-06-ice.pdf","2026-07-12"
"2026-07-07-byd-seal-comfort-removed","byd-seal","https://nowoczesneauta.pl/modele/byd-seal/","2026-07-07","2026-07-07","versions","removed","high","uncertain","Wersja Comfort zniknęła z cennika BYD Seal","Aktualny cennik pokazuje tylko Design i Excellence AWD. Comfort za 191 400 zł, obecny od lutego 2026, nie występuje w dokumencie lipcowym.","Comfort · 191 400 zł · 3 wersje","Design i Excellence AWD · 2 wersje","Dokument nie rozstrzyga, czy wersja została wycofana na stałe, czy pominięta w tej edycji cennika.","Cennik BYD Seal obowiązujący od 07.07.2026","byd/seal/cennik-2026-07.pdf","2026-07-12"
